std,range,cv,skewness,kurtosis,num_extrema,mean_angle,mean_segment_length,dominant_freq,energy,height,mse_ln,mean_delta,median_delta,max_delta,min_delta,var_delta,std_delta,mse_sqrt,mse_exp,mse_sin,mse_cos,mse_tan,mse_poly2,mse_poly3,mse_poly4,mse_poly5,mse_log10,mse_reciprocal,mse_arctan,mse_fit_deg1,mse_fit_deg2,mse_fit_deg3,mse_fit_deg4,mse_fit_deg5,mse_fit_deg6,mse_fit_deg7,mon
58.22552654839326,171.87847799999997,-0.6368817979773188,0.07224986244807777,-1.6142104265645352,0,-0.6797234907685418,0.02631578947368421,1,458185.3759874286,171.87847799999997,12078.391652973996,-4.523117842105262,0.0,0.0,-53.89022799999999,83.57802978665006,9.142102044204607,12206.031319566973,6926433.808015061,11797.628507032396,11769.307674997839,12022.722781348597,21447.975447434404,165027.72542588675,6637356.675154775,436861448.7849217,11889.89376894232,25641037427.790638,12002.30301040649,131.3803581408804,131.3455765273559,87.94503488308764,82.23518457407722,62.92703420520473,62.21842202465906,51.24228112491572,0
