time,pressure
0.0,226.722185
24.0,150.422185
48.0,135.722185
72.0,124.722185
96.0,116.722185
120.0,110.722185
144.0,108.722185
168.0,108.522185
192.0,111.722185
216.0,114.322185
240.0,109.722185
264.0,107.922185
288.0,107.222185
312.0,106.122185
336.0,104.322185
360.0,103.922185
384.0,103.622185
408.0,103.622185
432.0,103.722185
456.0,103.422185
480.0,103.222185
504.0,102.732185
528.0,99.122185
552.0,98.662185
576.0,98.522185
600.0,98.022185
624.0,96.822185
648.0,95.922185
672.0,95.122185
696.0,95.422185
720.0,95.122185
744.0,96.822185
768.0,91.922185
792.0,90.822185
816.0,91.322185
840.0,89.422185
864.0,89.822185
888.0,90.222185
912.0,90.022185
936.0,90.822185
960.0,90.622185
984.0,90.522185
1008.0,90.122185
1032.0,89.722185
1056.0,89.422185
1080.0,89.322185
1104.0,90.222185
1128.0,89.722185
1152.0,89.522185
1176.0,89.822185
1200.0,89.522185
1224.0,89.722185
1248.0,89.522185
1272.0,89.222185
1296.0,90.122185
1320.0,91.022185
1368.0,178.022185
1392.0,141.722185
1440.0,93.222185
1464.0,91.222185
1488.0,91.822185
1512.0,91.222185
1536.0,91.022185
1560.0,93.622185
1584.0,93.022185
1608.0,92.422185
1632.0,92.022185
1656.0,91.222185
1680.0,91.222185
1704.0,91.022185
1728.0,90.922185
1752.0,90.422185
1776.0,90.222185
1800.0,90.022185
1824.0,90.022185
1848.0,89.922185
1872.0,90.322185
1896.0,90.222185
1920.0,90.422185
1944.0,126.722185
1992.0,91.722185
2016.0,90.422185
2040.0,89.622185
2064.0,89.622185
2088.0,89.122185
2112.0,88.822185
2136.0,88.622185
2160.0,88.622185
2184.0,88.522185
2208.0,88.022185
