time,pressure
0.0,53.655643
533.04,53.655643
1170.24,53.655643
1934.64,53.655643
2631.36,53.655643
3291.36,53.655643
3790.56,53.655643
4728.96,53.655643
5302.56,53.655643
6036.96,53.655643
6675.36,53.655643
7337.76,53.655643
8151.36,53.655643
8792.16,53.655643
9543.36,53.655643
10064.16,53.655643
10980.96,53.655643
11830.56,53.655643
13076.16,53.655643
15017.76,53.655643
17259.36,53.655643
17996.16,53.655643
18716.16,53.655643
20302.56,53.655643
23033.76,53.655643
24975.36,53.655643
25143.36,53.655643
27255.36,53.655643
30399.36,53.655643
32583.36,53.655643
34647.36,53.655643
37215.36,53.655643
39687.36,53.655643
42975.36,53.655643
45183.36,53.655643
50439.36,53.655643
51447.36,53.655643
55719.36,53.655643
58935.36,53.655643
59727.36,53.655643
61767.36,53.655643
64383.36,53.655643
67431.36,53.655643
70095.36,53.655643
74271.36,53.655643
