time,pressure
0.0,150.165656
0.25,147.865663
0.5,146.265667
0.75,144.865671
1.0,143.765675
1.5,141.665681
2.0,140.265685
3.0,137.665692
4.0,135.565698
5.0,133.765704
6.0,131.865709
7.0,130.065714
8.0,128.765718
9.0,127.365722
10.0,126.265725
11.0,125.165729
12.0,124.165731
19.25,118.565748
21.0,117.365751
22.583333,116.265754
24.083333,115.365757
27.083333,113.465763
29.583333,111.965767
31.0,111.265769
32.5,110.565771
34.666667,109.965773
35.833333,109.565774
37.333333,108.965776
41.0,107.265781
42.583333,106.565783
45.583333,104.865788
46.916667,104.06579
47.75,103.665791
51.0,102.065796
52.083333,101.465797
54.25,100.4658
56.25,99.565803
58.25,98.665806
60.25,97.765808
62.25,96.96581
64.416667,96.065813
67.083333,95.065816
68.583333,94.665817
70.25,94.065819
71.25,93.66582
72.25,93.465821
73.25,93.165822
74.25,92.865822
75.25,92.465824
76.25,92.265824
77.25,91.865825
78.25,91.765826
79.25,91.565826
80.25,91.265827
81.25,91.065828
82.25,90.865828
83.25,90.765828
84.75,90.465829
88.083333,89.765831
90.083333,89.365833
92.083333,86.96584
94.083333,87.365838
96.083333,84.365847
98.583333,85.865843
100.666667,86.465841
102.916667,84.765846
103.916667,84.665846
104.75,84.965845
106.916667,85.165845
108.75,83.36585
109.833333,83.865849
113.25,82.765852
115.333333,81.465855
117.416667,82.165853
119.083333,80.06586
120.0,80.465858
128.083333,79.465861
224.083333,72.465882
248.083333,73.465879
272.083333,75.465873
296.083333,75.465873
320.083333,72.465882
344.083333,71.465885
368.083333,64.465905
392.083333,66.465899
464.083333,67.465896
512.083333,50.465945
536.083333,48.76595
560.083333,48.065952
584.083333,48.165952
608.083333,49.265949
656.083333,46.865956
680.083333,46.665957
704.083333,46.865956
728.083333,46.665957
752.083333,58.465922
