time,pressure
0.0,207.536378
720.0,200.529928
1440.0,198.689314
2160.0,197.094176
2880.0,197.922412
3600.0,196.154507
4320.0,195.326366
5040.0,194.090742
5760.0,192.994801
6480.0,191.725288
7200.0,190.795477
7920.0,190.058246
8640.0,188.634167
9360.0,186.564572
10080.0,186.095141
10800.0,185.271123
11520.0,183.960278
12240.0,183.955349
12960.0,182.176684
13680.0,181.092308
14400.0,181.027041
15120.0,180.407168
15840.0,179.726956
16560.0,179.073193
17280.0,178.559112
18000.0,177.644991
18720.0,177.13091
19440.0,176.556491
20160.0,176.687926
20880.0,175.98539
21600.0,175.682895
22320.0,175.999468
23040.0,175.368835
23760.0,173.300045
24480.0,172.759516
25200.0,172.611587
25920.0,171.463555
26640.0,170.862688
27360.0,170.175035
28080.0,169.600616
28800.0,169.16588
29520.0,168.670806
30240.0,168.315414
30960.0,167.559982
31680.0,167.20459
32400.0,166.222689
33120.0,165.927635
33840.0,165.485458
34560.0,164.843259
35280.0,164.401082
36000.0,163.985352
36720.0,163.482836
37440.0,163.093555
38160.0,162.730722
38880.0,162.054634
39600.0,161.552118
40320.0,161.276071
41040.0,160.939686
41760.0,160.516515
42480.0,159.98011
43200.0,159.530491
43920.0,158.854403
44640.0,158.69159
45360.0,158.04195
46080.0,158.471757
46800.0,157.641104
47520.0,157.357615
48240.0,156.98734
48960.0,156.617066
49680.0,156.246791
50400.0,155.763282
51120.0,155.366559
51840.0,154.969836
52560.0,154.573113
53280.0,154.402859
54000.0,154.51197
54720.0,153.028359
55440.0,152.839098
56160.0,152.276244
56880.0,152.592817
57600.0,152.301887
58320.0,151.784488
59040.0,151.327427
