time,pressure
0.0,253.980838
24.0,183.328437
48.0,141.904838
72.0,134.549245
96.0,125.645107
120.0,104.255819
144.0,88.867145
168.0,75.898074
192.0,68.25213
216.0,66.897152
240.0,67.671425
264.0,63.219356
288.0,65.058254
312.0,64.671118
336.0,63.800061
360.0,64.380765
384.0,65.251822
408.0,68.445698
432.0,68.832834
456.0,68.73605
480.0,67.864993
504.0,68.058561
528.0,67.671425
552.0,67.961777
576.0,67.768209
600.0,74.15596
624.0,70.284596
648.0,67.961777
672.0,66.897152
696.0,65.44539
720.0,66.026095
744.0,66.413232
768.0,67.381073
792.0,70.38138
816.0,70.865301
840.0,71.639573
864.0,72.607415
888.0,70.284596
912.0,65.44539
936.0,65.44539
960.0,67.381073
984.0,68.832834
1008.0,69.413539
1032.0,68.73605
1056.0,68.25213
1080.0,68.348914
1104.0,68.058561
1128.0,67.574641
1152.0,67.09072
1176.0,66.219663
1200.0,65.929311
1224.0,65.638959
1248.0,65.542175
1272.0,65.058254
1296.0,66.703584
1320.0,66.703584
1344.0,66.703584
1368.0,68.445698
1392.0,66.800368
1416.0,66.122879
1440.0,65.44539
1464.0,66.993936
1488.0,66.510016
1512.0,66.703584
1536.0,66.316447
1560.0,66.316447
1584.0,67.381073
1608.0,67.864993
1632.0,69.123187
1656.0,69.413539
1680.0,69.897459
1704.0,69.897459
1728.0,69.510323
1752.0,70.187812
1776.0,70.574948
1800.0,70.574948
1824.0,70.768516
1848.0,70.091028
1872.0,69.897459
1896.0,69.897459
1920.0,69.994244
1944.0,69.897459
1968.0,69.123187
1992.0,69.510323
2016.0,68.832834
2040.0,68.542482
2064.0,69.123187
2088.0,68.25213
2112.0,68.445698
2136.0,68.832834
2160.0,71.542789
2184.0,71.446005
2208.0,70.865301
2232.0,70.187812
2256.0,70.574948
2280.0,70.38138
2304.0,69.994244
2328.0,69.026403
2352.0,69.607107
2376.0,71.155653
2400.0,72.220278
2424.0,72.123494
2448.0,72.607415
2472.0,72.994551
2496.0,72.800983
2520.0,71.058869
2544.0,70.671732
2568.0,71.252437
2592.0,71.833142
2616.0,48.701739
