time,pressure
0.0,220.037434
12.35,198.744983
24.05,174.549015
37.6,152.288724
57.3,139.706821
81.3,136.803305
96.55,129.060595
108.483333,125.18924
129.3,121.124317
153.3,130.318785
177.3,118.801504
201.3,112.897688
225.3,109.413469
249.3,106.897088
273.3,105.058195
297.3,103.606436
321.3,102.348246
345.3,101.477191
369.3,100.896488
393.3,100.025433
417.3,100.993272
441.3,107.090656
465.3,116.769043
489.3,121.995372
513.3,133.222301
537.3,130.318785
561.3,128.18954
585.3,121.608237
609.3,112.994472
633.3,108.832766
657.3,109.70382
681.3,109.70382
705.3,109.510253
729.3,108.735982
753.3,111.155578
777.3,109.897388
801.3,108.832766
825.3,114.155878
849.3,125.479592
873.3,127.802404
897.3,132.93195
921.3,154.901889
945.3,171.742282
969.3,147.836666
993.3,137.577575
1017.3,132.254463
1041.3,127.802404
1065.3,124.802104
1089.3,123.156779
1113.3,121.995372
1137.3,121.124317
1161.3,120.350046
1185.3,120.059695
1209.3,120.253262
1233.3,120.253262
1257.3,120.253262
1281.3,120.253262
1305.3,120.253262
1329.3,120.253262
1353.3,120.253262
1377.3,120.253262
1401.3,120.253262
1425.3,120.253262
1449.3,120.253262
1473.3,120.253262
1497.3,120.253262
1521.3,120.253262
1545.3,120.253262
1569.3,120.253262
1593.3,120.253262
