time,pressure
0.0,199.854631
24.0,126.879591
48.0,100.36081
72.0,98.715485
96.0,98.134781
120.0,96.876591
144.0,96.392672
168.0,98.037997
192.0,97.747646
216.0,97.070159
240.0,102.006136
264.0,103.651462
288.0,103.070759
312.0,102.10292
336.0,101.522217
360.0,100.84473
384.0,100.554378
408.0,101.328649
432.0,103.748246
456.0,104.328949
480.0,103.264327
504.0,101.135081
528.0,99.683323
552.0,98.521917
576.0,98.328349
600.0,98.425133
624.0,97.84443
648.0,98.037997
672.0,98.134781
696.0,99.683323
720.0,100.747946
744.0,101.522217
768.0,102.877191
792.0,103.554678
816.0,101.038297
840.0,98.812268
864.0,98.037997
888.0,103.167543
912.0,104.038598
936.0,101.812568
960.0,99.586539
984.0,97.650862
1008.0,98.425133
1032.0,99.876891
1056.0,99.392972
1080.0,99.973675
1104.0,98.812268
1128.0,98.521917
1152.0,98.231565
1176.0,98.231565
1200.0,98.425133
1224.0,100.747946
1248.0,100.554378
1272.0,99.489756
1296.0,99.005836
1320.0,99.392972
1344.0,101.135081
1368.0,103.264327
1392.0,105.393572
