time,pressure
0.0,168.333223
0.216667,167.462168
0.25,167.558952
0.5,167.365384
0.75,162.332623
1.0,148.298961
1.5,135.426706
2.0,120.812342
3.0,110.359683
8.083333,81.51809
8.5,79.872764
12.5,78.904925
27.25,51.902225
31.916667,49.966547
47.25,42.901325
56.25,40.578512
56.75,40.481728
262.25,31.597936
286.25,31.897966
310.25,32.097341
334.25,31.897966
358.25,32.097341
382.25,32.397371
406.25,32.597714
430.25,32.897744
454.25,32.798056
478.25,33.398116
502.25,33.897521
526.25,34.097864
574.25,34.597269
622.25,34.997954
646.25,35.097641
670.25,34.397894
694.25,33.997209
718.25,33.497804
742.25,33.398116
766.25,33.297461
790.25,33.497804
814.25,33.398116
838.25,33.597491
862.25,33.897521
886.25,34.197551
910.25,34.597269
934.25,34.797611
958.25,35.197329
982.25,35.097641
1006.25,34.797611
1030.25,34.497581
1054.25,34.597269
1078.25,34.997954
1102.25,34.997954
1126.25,34.797611
1150.25,34.797611
1174.25,35.297984
1198.25,35.697701
1222.25,34.597269
1246.25,33.897521
1270.25,33.797834
1294.25,33.697179
1318.25,33.398116
1342.25,33.497804
1366.25,34.197551
1390.25,34.697924
1414.25,35.197329
1438.25,35.197329
1462.25,35.197329
1486.25,35.397671
1510.25,35.598014
1534.25,35.797389
1558.25,35.697701
1582.25,36.198074
1606.25,37.997286
1630.25,39.298061
1654.25,39.397749
1678.25,39.298061
1702.25,39.298061
1726.25,39.797466
