time,pressure
0.0,57.367991
24.0,56.884072
48.0,56.013017
72.0,55.529098
96.0,55.045178
120.0,54.561259
144.0,54.07734
168.0,54.07734
192.0,53.399853
216.0,53.206285
240.0,51.754527
264.0,50.205985
288.0,50.205985
312.0,176.412154
384.0,199.543499
408.0,71.59522
432.0,66.368891
456.0,64.33643
480.0,64.820349
504.0,61.432914
528.0,59.690804
552.0,59.497236
576.0,59.400453
600.0,59.497236
624.0,59.303669
648.0,59.206885
672.0,59.013317
696.0,58.529398
720.0,58.529398
744.0,58.33583
768.0,58.142262
792.0,58.142262
816.0,58.33583
840.0,58.432614
864.0,57.851911
888.0,57.755127
912.0,57.755127
936.0,57.367991
960.0,57.174424
984.0,56.690504
1008.0,56.59372
1032.0,57.07764
1056.0,56.787288
1080.0,56.400153
1104.0,55.819449
1128.0,55.625882
1152.0,55.238746
1176.0,55.238746
1200.0,55.529098
1224.0,55.722665
1248.0,55.819449
1272.0,56.109801
1296.0,55.722665
1344.0,56.109801
1368.0,56.013017
1392.0,56.206585
1416.0,56.206585
1440.0,56.206585
1464.0,56.496936
1488.0,57.174424
1512.0,57.271207
1536.0,57.464775
1560.0,57.948694
1584.0,58.33583
1608.0,58.916533
1632.0,59.110101
1656.0,59.981156
1680.0,60.174724
1704.0,60.174724
1728.0,60.368291
1752.0,60.755427
1776.0,61.529698
1800.0,61.626482
1824.0,61.239346
1848.0,61.723265
1872.0,60.948995
1896.0,60.561859
1920.0,60.852211
1944.0,61.529698
1968.0,61.239346
1992.0,61.045778
2016.0,61.820049
