time,pressure
0.0,14.931996
24.0,15.828215
48.0,15.607547
72.0,15.508828
96.0,15.475921
144.0,114.738428
168.0,110.297984
192.0,105.723011
216.0,101.272888
240.0,97.628008
264.0,94.515438
288.0,91.820975
312.0,88.587426
336.0,86.06911
360.0,83.869212
384.0,81.760292
408.0,79.832357
432.0,78.083473
456.0,76.58429
480.0,75.199313
504.0,73.966287
528.0,72.712935
552.0,71.634763
576.0,70.417222
600.0,69.472611
624.0,68.64027
648.0,67.666624
672.0,66.876868
696.0,66.276808
720.0,65.394139
744.0,64.633418
768.0,63.729456
792.0,63.013256
816.0,62.49643
840.0,61.729902
864.0,60.762063
888.0,60.157164
912.0,59.692601
936.0,58.826386
960.0,58.007594
984.0,57.741438
1008.0,56.890708
1032.0,56.335169
1056.0,55.922869
1080.0,55.148598
1104.0,54.909542
1128.0,53.987192
1152.0,53.784914
1176.0,53.019353
1200.0,52.645767
1224.0,52.051514
1248.0,51.944084
1272.0,51.083676
1296.0,51.083676
1320.0,50.929789
1344.0,50.115837
1368.0,50.115837
1380.000278,50.115837
1404.000278,49.244782
1428.000278,49.147998
1452.000278,49.051214
1476.000278,48.470511
1500.000278,48.18016
1524.000278,48.18016
1620.000278,48.18016
