time,pressure
0.0,449.016448
24.0,396.934143
24.333333,397.901981
25.333333,396.934143
26.333333,396.934143
27.333333,396.934143
28.333333,396.934143
29.333333,396.934143
32.25,396.934143
32.75,396.934143
35.833333,396.934143
37.416667,396.934143
39.166667,396.934143
40.333333,396.934143
42.333333,396.934143
44.416667,396.934143
46.25,396.934143
47.333333,396.934143
48.333333,396.934143
50.666667,396.934143
52.666667,396.934143
53.666667,396.934143
55.0,396.934143
56.416667,396.934143
57.416667,396.934143
59.333333,396.934143
61.416667,396.934143
63.083333,396.934143
64.583333,396.934143
69.0,396.934143
72.0,396.934143
75.0,396.934143
78.0,396.934143
82.416667,396.934143
84.666667,396.934143
87.0,396.934143
96.0,397.998765
120.0,398.966604
144.0,398.966604
168.0,398.966604
192.0,399.35374
216.0,399.934443
240.0,399.934443
264.0,399.934443
288.0,399.934443
312.0,400.418362
336.0,400.999065
360.0,400.902281
384.0,400.031227
408.0,398.966604
432.0,398.192333
456.0,397.998765
480.0,397.321278
504.0,396.934143
528.0,396.837359
552.0,396.740575
576.0,397.61163
600.0,398.482685
624.0,399.256956
648.0,400.224794
672.0,400.999065
696.0,401.966904
720.0,402.450823
744.0,403.225094
768.0,403.031527
792.0,403.61223
816.0,403.999365
840.0,404.967204
864.0,404.967204
888.0,405.741475
912.0,405.935043
936.0,405.935043
960.0,406.128611
1056.0,406.709314
1080.0,406.806098
1104.0,406.61253
1128.0,406.225394
1152.0,406.128611
1176.0,405.741475
1200.0,404.967204
1224.0,404.483285
1248.0,404.87042
1272.0,404.192933
1296.0,404.192933
1320.0,404.096149
1344.0,404.096149
1368.0,404.096149
