time,pressure
0.0,66.623842
1.516667,82.733904
4.433333,103.679773
6.15,117.397435
7.616667,125.880348
10.033333,131.75629
11.6,129.104606
13.666667,119.144384
15.6,108.291525
17.333333,100.678602
19.8,93.131589
21.766667,86.660329
23.75,81.37622
25.1,77.295812
27.733333,73.459977
29.666667,69.816742
31.133333,68.441443
34.433333,69.610689
35.8,72.407356
37.683333,75.079171
40.333333,77.35727
41.633333,78.896811
43.833333,80.704346
45.833333,80.682667
47.4,77.116665
49.133333,70.991117
51.6,65.943161
53.1,61.303729
56.066667,57.408081
57.4,54.426654
59.133333,52.171203
61.433333,49.98292
64.133333,47.927714
65.483333,46.256547
67.6,44.857149
69.15,43.623638
71.416667,42.43339
73.75,41.286114
75.366667,40.395509
77.7,39.662275
79.933333,39.05331
81.75,38.401665
83.833333,37.789216
85.766667,37.273745
87.4,36.833088
89.733333,36.328748
92.466667,35.859346
93.766667,35.461854
95.7,35.072106
97.833333,34.620028
99.666667,34.206761
101.833333,33.837821
103.466667,33.453686
105.85,33.122588
107.2,32.837657
109.8,32.564339
111.916667,32.287924
113.45,31.999605
115.933333,31.6898
117.45,31.344765
119.333333,31.035541
121.5,30.723123
123.616667,30.402574
125.983333,30.109126
127.9,29.854778
129.883333,29.654629
131.566667,29.572556
134.016667,28.964656
148.916667,28.165222
151.233333,27.548902
153.266667,27.504575
155.416667,27.426083
157.2,27.407791
159.333333,27.432858
161.85,27.499542
163.1,27.609198
165.066667,27.7536
167.133333,27.9191
169.433333,28.127863
171.433333,28.380469
184.5,29.709111
208.5,35.309098
232.5,34.009101
256.5,32.309105
280.5,31.509107
304.5,31.309108
328.5,38.70909
352.5,42.352285
376.5,45.909073
400.5,48.509067
424.5,50.909061
448.5,41.209084
472.5,39.00909
496.5,37.409093
520.5,36.909094
544.5,37.209094
568.5,39.409089
592.5,40.009087
616.5,40.509086
640.5,40.809085
712.5,41.309084
736.5,41.709083
760.5,41.609083
784.5,41.409084
808.5,41.009085
832.5,41.309084
856.5,41.109085
880.5,40.509086
904.5,40.209087
928.5,39.709088
952.5,39.409089
