time,pressure
0.0,78.312464
24.0,64.312464
48.0,60.312464
72.0,66.612464
96.0,69.312464
120.0,70.712464
144.0,70.012464
168.0,70.412464
192.0,70.112464
216.0,71.612464
240.0,70.112464
264.0,70.312464
288.0,71.212464
312.0,71.312464
336.0,71.212464
360.0,72.912464
384.0,72.412464
408.0,72.512464
432.0,71.112464
456.0,72.112464
480.0,73.212464
504.0,83.712464
528.0,82.812464
552.0,84.612464
576.0,86.512464
600.0,87.812464
624.0,88.512464
648.0,90.312464
672.0,98.812464
696.0,90.612464
720.0,88.312464
744.0,98.212464
768.0,92.312464
792.0,88.212464
816.0,90.312464
840.0,86.712464
864.0,97.412464
888.0,100.212464
912.0,88.912464
936.0,90.712464
960.0,102.312464
984.0,104.412464
1008.0,95.312464
1032.0,93.712464
1056.0,98.812464
1080.0,92.512464
1104.0,93.712464
1128.0,94.712464
1152.0,91.562464
1176.0,102.512464
1200.0,102.812464
1224.0,90.712464
1248.0,108.512464
1272.0,112.012464
1296.0,97.012464
1320.0,107.012464
1344.0,118.712464
1368.0,105.912464
1392.0,99.712464
1416.0,117.212464
1440.0,116.612464
1464.0,100.212464
1488.0,97.112464
1512.0,113.912464
1536.0,104.012464
1560.0,116.912464
1584.0,111.912464
1608.0,114.012464
1632.0,112.812464
1656.0,116.612464
1680.0,107.112464
1704.0,113.712464
1728.0,105.812464
1752.0,113.512464
1776.0,113.712464
1800.0,101.312464
1824.0,110.512464
1848.0,119.212464
1872.0,109.112464
1896.0,112.012464
1920.0,113.812464
1944.0,107.112464
