time,pressure
0.0,254.698445
15.166667,222.759767
17.75,199.531638
18.916667,197.59596
24.916667,196.628121
31.5,195.660283
45.25,163.721605
49.25,159.85025
53.25,155.011057
55.25,154.043218
59.25,151.139702
63.25,147.268347
73.25,138.557798
79.25,132.750766
83.25,135.654282
87.25,129.84725
91.25,126.943734
95.25,123.072379
103.25,119.201024
127.25,108.554798
136.25,104.683443
151.25,99.84425
167.25,103.715604
175.25,125.008056
179.25,130.815089
183.25,135.654282
199.25,151.139702
203.25,154.043218
207.25,157.914573
209.25,159.85025
212.25,159.85025
216.25,162.753766
223.25,165.657282
247.25,175.33567
251.25,177.271347
255.25,178.239186
258.75,179.207025
