time,pressure
0.0,118.27659
24.0,91.854593
48.0,81.401935
72.0,75.401335
96.0,71.52998
120.0,68.52968
144.0,66.206867
168.0,64.367974
192.0,62.722648
216.0,61.464458
240.0,60.399835
264.0,59.431996
288.0,58.560941
312.0,57.78667
336.0,56.915616
360.0,56.238128
384.0,55.657425
408.0,55.173506
432.0,54.592803
456.0,53.915316
480.0,54.883154
504.0,55.754209
528.0,54.592803
552.0,53.721748
576.0,52.947477
600.0,56.141345
624.0,55.463857
648.0,54.496019
672.0,53.818532
696.0,53.237828
720.0,52.850693
744.0,52.366774
768.0,51.979638
792.0,51.689286
816.0,51.302151
840.0,51.011799
864.0,52.26999
888.0,52.26999
912.0,51.78607
936.0,51.398935
960.0,49.172906
984.0,52.366774
1008.0,52.173206
1032.0,51.398935
1056.0,51.108583
1080.0,53.044261
1104.0,66.0133
1128.0,63.884054
1152.0,60.496619
1176.0,58.754509
1200.0,57.399535
1224.0,56.334912
1248.0,55.463857
1272.0,54.689587
1296.0,54.012099
1320.0,53.431396
1344.0,53.044261
1368.0,52.560341
1392.0,52.076422
1416.0,51.689286
1440.0,51.398935
1464.0,51.302151
1488.0,52.26999
1512.0,54.108883
1536.0,54.302451
1560.0,53.431396
1584.0,52.850693
1608.0,52.463557
1632.0,52.076422
1656.0,51.78607
1680.0,51.495719
1704.0,51.302151
1728.0,51.011799
1752.0,50.818232
1776.0,50.721448
1800.0,50.721448
1824.0,50.721448
1848.0,50.624664
1872.0,50.624664
1896.0,55.173506
1920.0,53.915316
1944.0,53.237828
1968.0,52.753909
1992.0,52.463557
2016.0,52.26999
2040.0,52.076422
2064.0,51.979638
2088.0,51.882854
2112.0,51.689286
2136.0,51.592503
2160.0,51.495719
2184.0,51.398935
2208.0,51.398935
2232.0,51.302151
2256.0,51.205367
2280.0,51.205367
2304.0,51.108583
2328.0,52.366774
2352.0,53.624964
2376.0,53.141045
2400.0,52.947477
2424.0,52.753909
2448.0,52.753909
2472.0,52.657125
2496.0,52.560341
2520.0,52.463557
2544.0,52.366774
2568.0,52.366774
2592.0,52.26999
2616.0,52.26999
2640.0,52.26999
2664.0,52.26999
2688.0,52.26999
2712.0,52.173206
2736.0,53.141045
2760.0,63.593703
2784.0,61.174106
2808.0,58.948077
2832.0,57.689887
2856.0,56.915616
2880.0,56.238128
2904.0,55.657425
2928.0,55.27029
2952.0,54.883154
2976.0,54.592803
3000.0,54.302451
3024.0,54.108883
3048.0,54.012099
3072.0,53.915316
