time,pressure
0.0,179.247942
0.25,168.601717
0.5,158.923329
0.75,152.148458
1.0,145.373587
1.75,135.791984
2.416667,123.113297
5.833333,164.730362
6.333333,147.309265
6.833333,135.6952
14.583333,94.078135
15.083333,92.142458
16.083333,90.20678
17.083333,88.271103
18.083333,86.335425
19.083333,85.367587
20.083333,83.431909
21.083333,82.46407
21.916667,81.496232
22.916667,80.528393
23.916667,79.560554
66.4,66.318585
90.4,60.697378
114.4,55.107141
138.4,53.546985
162.4,50.335696
186.4,48.636172
210.4,46.641456
234.4,45.308742
258.4,45.446175
282.4,45.813954
306.4,45.209055
330.4,46.062688
354.4,47.884161
378.4,48.321624
402.4,48.786187
426.4,48.233551
450.4,48.223872
474.4,48.118378
498.4,47.643169
522.4,47.884161
546.4,47.884161
570.4,48.010948
594.4,46.789535
618.4,47.300554
642.4,47.106986
666.4,47.438955
690.4,47.373142
714.4,46.85438
738.4,47.715757
762.4,47.884161
786.4,48.131928
810.4,48.2471
834.4,49.047503
858.4,49.213971
882.4,48.913941
906.4,48.664239
930.4,47.785441
954.4,47.67414
978.4,47.610263
1002.4,47.884161
1026.4,47.884161
1050.4,48.120314
1074.4,47.712853
1098.4,48.125153
1122.4,48.913941
1146.4,48.913941
1170.4,48.913941
1194.4,48.913941
1218.4,49.533358
1242.4,48.759087
1266.4,48.742634
1290.4,48.602297
1314.4,48.938137
1338.4,49.409475
1362.4,48.913941
1386.4,48.913941
1410.4,49.237199
1434.4,48.913941
1458.4,48.463896
1482.4,47.774795
1506.4,47.358624
1530.4,47.884161
1554.4,47.204738
1578.4,47.144732
1602.4,47.884161
1626.4,47.06053
1650.4,47.212481
1674.4,47.769956
1698.4,46.85438
1722.4,46.85438
1746.4,47.526061
1770.4,47.32475
1794.4,46.85438
1962.416667,46.85438
