time,pressure
0.0,209.000512
720.0,201.994063
1440.0,200.153449
2160.0,198.55831
2880.0,199.386546
3600.0,197.618641
4320.0,196.7905
5040.0,195.554876
5760.0,194.458935
6480.0,193.189422
7200.0,192.259611
7920.0,191.52238
8640.0,190.098301
9360.0,188.028706
10080.0,187.559275
10800.0,186.735257
11520.0,185.424413
12240.0,185.419483
12960.0,183.640818
13680.0,182.556443
14400.0,182.491175
15120.0,181.871302
15840.0,181.19109
16560.0,180.537327
17280.0,180.023246
18000.0,179.109125
18720.0,178.595044
19440.0,178.020625
20160.0,178.15206
20880.0,177.449524
21600.0,177.147029
22320.0,177.463602
23040.0,176.832969
23760.0,174.764179
24480.0,174.22365
25200.0,174.075721
25920.0,172.927689
26640.0,172.326822
27360.0,171.639169
28080.0,171.06475
28800.0,170.630014
29520.0,170.13494
30240.0,169.779548
30960.0,169.024116
31680.0,168.668724
32400.0,167.686823
33120.0,167.391769
33840.0,166.949592
34560.0,166.307393
35280.0,165.865216
36000.0,165.449486
36720.0,164.946971
37440.0,164.557689
38160.0,164.194856
38880.0,163.518768
39600.0,163.016252
40320.0,162.740205
41040.0,162.40382
41760.0,161.980649
42480.0,161.444244
43200.0,160.994625
43920.0,160.318537
44640.0,160.155724
45360.0,159.506084
46080.0,159.935891
46800.0,159.105238
47520.0,158.821749
48240.0,158.451475
48960.0,158.0812
49680.0,157.710925
50400.0,157.227416
51120.0,156.830693
51840.0,156.43397
52560.0,156.037247
53280.0,155.866993
54000.0,155.976104
54720.0,154.492493
55440.0,154.303232
56160.0,153.740378
56880.0,154.056951
57600.0,153.766021
58320.0,153.248622
