time,pressure
0.0,202.101279
24.0,129.12624
48.0,102.607459
72.0,100.962133
96.0,100.38143
120.0,99.123239
144.0,98.63932
168.0,100.284646
192.0,99.994294
216.0,99.316807
240.0,104.252784
264.0,105.89811
288.0,105.317407
312.0,104.349568
336.0,103.768865
360.0,103.091378
384.0,102.801026
408.0,103.575297
432.0,105.994894
456.0,106.575597
480.0,105.510975
504.0,103.38173
528.0,101.929971
552.0,100.768565
576.0,100.574997
600.0,100.671781
624.0,100.091078
648.0,100.284646
672.0,100.38143
696.0,101.929971
720.0,102.994594
744.0,103.768865
768.0,105.123839
792.0,105.801326
816.0,103.284946
840.0,101.058917
864.0,100.284646
888.0,105.414191
912.0,106.285246
936.0,104.059217
960.0,101.833188
984.0,99.89751
1008.0,100.671781
1032.0,102.123539
1056.0,101.63962
1080.0,102.220323
1104.0,101.058917
1128.0,100.768565
1152.0,100.478213
1176.0,100.478213
1200.0,100.671781
1224.0,102.994594
1248.0,102.801026
1272.0,101.736404
1296.0,101.252484
1320.0,101.63962
1344.0,103.38173
1368.0,105.510975
1392.0,107.64022
