time,pressure
0.0,171.155304
0.25,168.155004
0.5,165.154704
0.75,163.412595
1.0,161.573701
2.916667,152.669585
6.25,145.120443
8.333333,156.250588
12.75,163.025459
13.75,155.185966
14.75,150.05642
15.75,146.572201
16.75,144.152604
17.75,141.926575
18.416667,140.087681
19.083333,143.184765
20.083333,140.378033
20.5,139.603762
21.083333,138.53914
22.083333,137.087381
23.083333,135.53884
32.583333,128.376833
38.75,125.763668
40.416667,125.182965
42.25,124.602262
45.75,123.247288
47.583333,122.473017
53.416667,120.150204
53.916667,119.859852
54.916667,119.375933
57.25,118.504878
58.25,118.020959
59.25,117.440255
60.25,116.859552
61.666667,116.085281
64.583333,114.827091
66.333333,114.343172
68.25,113.956036
70.25,113.472117
73.833333,112.697846
76.916667,112.213926
79.666667,111.730007
80.333333,111.730007
94.083333,109.987897
102.25,109.600762
126.25,110.568601
174.25,105.826191
198.25,104.568
222.25,104.180865
246.25,103.213026
342.25,100.793429
366.25,100.599862
390.25,99.728807
414.25,98.373833
438.25,96.631723
462.25,95.373533
486.25,94.986397
510.25,94.405694
534.25,93.824991
606.25,92.373233
630.25,91.889313
654.25,99.244888
678.25,98.180265
702.25,93.147504
750.25,91.792529
774.25,91.405394
798.25,91.018258
822.25,90.824691
846.25,90.534339
870.25,90.147204
894.25,90.147204
918.25,90.05042
942.25,89.856852
966.25,89.663284
990.25,89.179365
1014.25,89.082581
1038.25,89.082581
1062.25,88.792229
1086.25,88.695445
1110.25,88.792229
1134.25,88.792229
1182.25,93.244287
1206.25,91.598962
1230.25,94.30891
1254.25,91.986097
1278.25,91.695746
1302.25,91.695746
1326.25,103.019459
1350.25,108.536139
1374.25,101.761268
1398.25,119.279149
1422.25,109.987897
1446.25,105.826191
1470.25,105.729407
1494.25,112.31071
1518.25,124.31191
1542.25,124.408694
1566.25,119.763068
1590.25,108.342571
1614.25,104.664784
1638.25,100.019159
1662.25,105.245488
1686.25,98.373833
1710.25,107.568301
1734.25,99.825591
1758.25,97.986697
1782.25,96.825291
1806.25,96.341371
1830.25,95.954236
1854.25,95.760668
1878.25,95.954236
1902.25,95.5671
1926.25,95.083181
1950.25,94.405694
1974.25,94.30891
1998.25,94.212126
2022.25,93.921775
2046.25,93.824991
2070.25,95.5671
2094.25,95.954236
2118.25,95.760668
2142.25,96.825291
2166.25,97.212426
2190.25,96.728507
2214.25,96.825291
