time,pressure
0.0,231.068708
24.0,216.938263
48.0,211.324798
72.0,206.388821
96.0,201.162492
120.0,198.936463
168.0,194.581188
192.0,193.226214
216.0,194.968324
264.0,187.419182
288.0,190.322698
312.0,187.225614
336.0,192.064808
360.0,190.12913
408.0,185.289937
432.0,183.354259
456.0,183.354259
480.0,183.354259
504.0,187.419182
552.0,172.708033
600.0,167.86884
624.0,163.997485
648.0,163.416782
672.0,162.061807
696.0,160.12613
720.0,158.190452
744.0,154.319098
768.0,159.158291
816.0,158.190452
864.0,158.190452
912.0,158.190452
1032.0,158.190452
1056.0,156.254775
1080.0,156.254775
1128.0,154.319098
1152.0,149.479904
1200.0,150.447743
1224.0,152.38342
1272.0,153.157691
1296.0,152.38342
1320.0,152.38342
1368.0,148.512065
1392.0,151.415581
1416.0,145.608549
1440.0,151.415581
1488.0,146.576388
1536.0,143.672872
1584.0,141.737194
1632.0,140.285436
1656.0,139.898301
1680.0,139.995085
1704.0,145.802117
1728.0,148.608849
1752.0,149.770256
1776.0,149.963823
1800.0,150.931662
1824.0,150.060607
1848.0,149.189552
1872.0,149.286336
1896.0,147.834578
1920.0,148.705633
1944.0,148.899201
1968.0,147.64101
1992.0,144.834278
2016.0,144.253575
2040.0,143.866439
2064.0,142.995385
2088.0,143.285736
2112.0,143.188952
2136.0,143.672872
2160.0,143.285736
2184.0,142.317897
2208.0,143.769656
2232.0,143.769656
2256.0,143.479304
2280.0,143.479304
2304.0,142.995385
2328.0,138.543326
2352.0,138.736894
2376.0,162.739294
2400.0,143.576088
2424.0,143.38252
2448.0,143.866439
2472.0,144.834278
2496.0,156.254775
2520.0,173.095169
2544.0,144.931062
2568.0,141.350059
2592.0,143.672872
2616.0,141.64041
2640.0,141.543626
2664.0,141.253275
2688.0,142.414681
2712.0,142.511465
2736.0,142.801817
2760.0,142.511465
2784.0,136.220514
2808.0,145.221414
2832.0,141.737194
2856.0,141.833978
2880.0,141.446843
2904.0,141.446843
2928.0,140.769355
2952.0,142.221114
2976.0,142.414681
3000.0,141.833978
3024.0,143.479304
3048.0,142.801817
3072.0,144.156791
3096.0,143.963223
3120.0,144.447143
3144.0,145.221414
