time,pressure
0.0,194.350032
24.0,195.184311
48.0,196.147313
72.0,196.911907
96.0,197.561329
120.0,198.159455
144.0,198.785648
168.0,199.395388
192.0,199.957703
216.0,200.449367
240.0,200.982647
264.0,201.271064
288.0,200.700037
312.0,98.48537
336.0,91.313668
360.0,90.778452
384.0,90.563591
408.0,90.582948
432.0,90.499713
456.0,95.556683
480.0,98.034357
504.0,96.814877
528.0,91.950507
552.0,94.758214
576.0,100.351368
600.0,94.738858
624.0,90.661343
648.0,90.539395
672.0,90.611015
696.0,90.482292
720.0,89.993533
744.0,90.294531
768.0,91.016541
792.0,90.699089
816.0,90.852008
840.0,95.306012
864.0,100.040691
888.0,100.521708
912.0,96.37838
936.0,95.897363
960.0,124.156388
984.0,125.929473
1008.0,104.154016
1032.0,102.671283
1056.0,100.912716
1080.0,99.78131
1104.0,101.134352
1128.0,100.842064
1152.0,99.581934
1176.0,98.794112
1200.0,94.715629
1224.0,102.335442
1248.0,113.399802
1272.0,109.12388
1296.0,99.052525
1320.0,98.845407
1344.0,99.905193
1368.0,98.739913
1392.0,101.807969
1416.0,105.012491
1440.0,100.181996
1464.0,96.58937
1488.0,98.115655
1512.0,99.930357
1536.0,100.433635
1560.0,99.640973
1584.0,97.227177
1608.0,96.752935
1632.0,98.131141
1656.0,98.011128
1680.0,98.188243
1704.0,104.877961
1728.0,129.657597
1752.0,120.732166
1776.0,104.936031
1800.0,105.275744
1824.0,104.594384
1848.0,97.676255
1872.0,98.507631
1896.0,100.997886
1920.0,102.334475
1944.0,99.192862
1968.0,99.321585
1992.0,98.012096
2016.0,99.109628
2040.0,99.759049
2064.0,99.83938
2088.0,99.798731
2112.0,100.003913
2136.0,98.167919
2160.0,98.261799
2184.0,101.763448
