time,pressure
0.0,145.624167
24.0,212.888958
48.0,190.241532
72.0,180.853496
96.0,173.110787
120.0,169.432999
144.0,162.94848
168.0,156.076825
192.0,148.334115
216.0,141.559244
240.0,134.881157
264.0,132.074425
288.0,131.590506
312.0,130.041964
336.0,129.46126
360.0,129.170909
384.0,128.590206
408.0,129.848396
432.0,130.332315
456.0,131.880857
480.0,132.558344
504.0,131.493722
528.0,130.719451
552.0,129.751612
576.0,126.170609
600.0,124.138147
624.0,123.654228
648.0,123.170309
672.0,120.266793
696.0,119.976441
720.0,120.750712
744.0,121.234631
768.0,121.041064
792.0,120.847496
816.0,120.750712
840.0,120.94428
864.0,120.363576
888.0,119.492522
912.0,123.267093
936.0,118.234331
960.0,113.879057
984.0,112.717651
1008.0,111.362676
1032.0,111.072325
1056.0,110.975541
1080.0,111.072325
1104.0,110.588405
1128.0,110.104486
1152.0,109.814134
1176.0,109.523783
1200.0,109.136647
1224.0,109.523783
1248.0,107.007402
1272.0,105.94278
1296.0,101.684289
1320.0,105.362076
1344.0,104.587805
1368.0,103.71675
1392.0,103.232831
1416.0,101.393938
1440.0,99.555044
1464.0,100.619667
1488.0,99.845396
1512.0,97.71615
1536.0,96.651528
1560.0,97.232231
1584.0,96.45796
1608.0,95.877257
1632.0,96.070825
1656.0,95.877257
1680.0,95.974041
1704.0,95.780473
1728.0,95.19977
1752.0,95.296554
1776.0,94.328715
1800.0,94.135147
1824.0,93.554444
1848.0,92.973741
1872.0,92.973741
