time,pressure
0.0,140.236538
2.083333,134.535968
4.5,129.6358
5.5,128.035963
6.5,126.436126
7.5,125.136318
8.5,123.636168
9.5,121.636613
10.5,121.835988
11.5,120.536181
12.5,119.536403
13.5,118.435971
15.5,116.336729
17.5,113.636459
19.416667,111.536249
20.416667,110.336129
21.5,112.136309
23.5,106.936111
25.583333,106.036021
28.0,104.136154
28.5,103.836124
29.5,103.336719
30.5,102.936034
31.5,102.136599
32.5,101.435884
33.5,100.936479
34.5,100.336419
35.5,99.736359
35.666667,99.636672
37.833333,97.936179
39.416667,96.836714
40.416667,96.236654
41.416667,95.636594
42.416667,95.136221
43.416667,94.536161
44.416667,93.836414
46.0,93.036011
48.0,92.036234
50.5,90.836114
53.5,89.536307
56.5,88.336187
59.5,87.236722
62.583333,86.336632
64.0,85.935947
65.0,85.736572
68.75,84.736794
69.333333,84.536452
77.5,81.136434
101.5,76.13658
125.5,77.3367
149.5,78.23679
173.5,72.036815
197.5,68.736485
221.5,66.836617
245.5,64.63672
269.5,63.536287
293.5,62.636197
317.5,62.036137
341.5,62.23648
365.5,61.736107
389.5,61.136047
413.5,60.235957
437.5,69.83595
461.5,70.13598
485.5,63.73663
509.5,60.036582
533.5,61.236703
557.5,61.436077
581.5,61.236703
605.5,60.4363
629.5,61.436077
653.5,61.536733
677.5,60.836017
701.5,63.036883
725.5,61.436077
749.5,61.236703
773.5,68.736485
797.5,76.836327
821.5,68.836172
845.5,74.236712
869.5,65.136125
893.5,63.4366
917.5,62.136793
941.5,61.136047
965.5,62.83654
989.5,63.036883
1013.5,62.936227
1037.5,63.13657
1061.5,63.4366
1085.5,62.936227
1109.5,64.236035
1133.5,63.536287
1157.5,64.03666
1181.5,67.035992
1205.5,62.23648
1229.5,62.036137
1253.5,63.236257
1277.5,63.4366
1301.5,63.73663
1325.5,66.435932
1349.5,64.236035
1373.5,64.836095
1397.5,64.736407
1421.5,65.23678
1445.5,67.236335
1469.5,66.836617
1493.5,67.336022
1517.5,69.036515
1541.5,68.036737
1565.5,67.536365
1589.5,67.736707
1613.5,67.736707
1637.5,68.736485
1661.5,67.836395
1685.5,68.636797
1709.5,67.236335
1733.5,64.736407
1757.5,66.13687
1781.5,66.636275
1805.5,66.435932
1829.5,66.236557
1853.5,66.336245
1877.5,66.836617
1901.5,66.435932
1925.5,66.036215
