time,pressure
0.0,78.67884
24.0,78.67884
48.0,78.67884
72.0,78.67884
96.0,78.67884
120.0,78.67884
144.0,77.441942
168.0,75.104611
1070.000278,112.110892
1080.0,107.757554
1104.0,99.898704
1128.0,91.783376
1152.0,88.021387
1176.0,84.631048
1200.0,81.680107
1224.0,78.990484
1248.0,75.984377
1272.0,72.875679
1296.0,70.387365
1320.0,68.386843
1344.0,66.612794
1368.0,64.871652
1392.0,63.175999
1416.0,61.676817
1440.0,60.731238
1464.0,60.413787
1488.0,60.661554
1512.0,61.030301
1536.0,60.833829
1560.0,59.923093
1584.0,59.24367
1608.0,58.744265
1632.0,58.257443
1656.0,57.765781
1680.0,57.224759
1704.0,56.698254
1728.0,57.790944
1752.0,57.381549
1776.0,57.00022
1800.0,56.741807
1824.0,56.559853
1848.0,56.378868
1872.0,56.07787
1896.0,55.688799
1920.0,55.214558
1944.0,54.719992
1968.0,54.234137
1992.0,53.728925
2016.0,53.188871
2040.0,53.100798
2064.0,53.366954
2088.0,53.603106
2112.0,53.478255
2136.0,53.254684
2160.0,52.999175
2184.0,52.797864
2208.000278,52.394276
2232.000278,52.297492
2256.000278,52.103924
2280.000278,52.00714
2304.000278,51.813572
2328.000278,51.716789
