time,pressure
0.0,260.299949
24.0,189.647548
48.0,148.223949
72.0,140.868357
96.0,131.964219
120.0,110.57493
144.0,95.186257
168.0,82.217186
192.0,74.571241
216.0,73.216263
240.0,73.990536
264.0,69.538467
288.0,71.377365
312.0,70.990229
336.0,70.119172
360.0,70.699877
384.0,71.570934
408.0,74.764809
432.0,75.151946
456.0,75.055162
480.0,74.184105
504.0,74.377673
528.0,73.990536
552.0,74.280889
576.0,74.08732
600.0,80.475072
624.0,76.603707
648.0,74.280889
672.0,73.216263
696.0,71.764502
720.0,72.345206
744.0,72.732343
768.0,73.700184
792.0,76.700491
816.0,77.184412
840.0,77.958685
864.0,78.926526
888.0,76.603707
912.0,71.764502
936.0,71.764502
960.0,73.700184
984.0,75.151946
1008.0,75.73265
1032.0,75.055162
1056.0,74.571241
1080.0,74.668025
1104.0,74.377673
1128.0,73.893752
1152.0,73.409832
1176.0,72.538775
1200.0,72.248422
1224.0,71.95807
1248.0,71.861286
1272.0,71.377365
1296.0,73.022695
1320.0,73.022695
1344.0,73.022695
1368.0,74.764809
1392.0,73.119479
1416.0,72.441991
1440.0,71.764502
1464.0,73.313048
1488.0,72.829127
1512.0,73.022695
1536.0,72.635559
1560.0,72.635559
1584.0,73.700184
1608.0,74.184105
1632.0,75.442298
1656.0,75.73265
1680.0,76.216571
1704.0,76.216571
1728.0,75.829434
1752.0,76.506923
1776.0,76.89406
1800.0,76.89406
1824.0,77.087628
1848.0,76.410139
1872.0,76.216571
1896.0,76.216571
1920.0,76.313355
1944.0,76.216571
1968.0,75.442298
1992.0,75.829434
2016.0,75.151946
2040.0,74.861593
2064.0,75.442298
2088.0,74.571241
2112.0,74.764809
2136.0,75.151946
2160.0,77.861901
2184.0,77.765117
2208.0,77.184412
2232.0,76.506923
2256.0,76.89406
2280.0,76.700491
2304.0,76.313355
2328.0,75.345514
2352.0,75.926219
2376.0,77.474764
2400.0,78.53939
2424.0,78.442605
2448.0,78.926526
2472.0,79.313662
2496.0,79.120094
2520.0,77.37798
2544.0,76.990844
2568.0,77.571548
2592.0,78.152253
2616.0,55.020851
