time,pressure
0.0,190.107987
0.25,178.807502
0.5,169.407852
0.75,163.207877
1.0,158.808083
1.5,151.807705
2.0,147.007225
3.0,138.607353
4.0,133.708153
5.0,131.107571
6.0,129.807763
7.0,128.707331
9.25,126.707776
14.083333,125.207626
19.916667,120.408114
22.416667,119.207994
24.75,118.307904
29.583333,116.507724
36.333333,114.907886
36.833333,114.808199
45.25,114.508169
45.5,114.208139
48.75,113.207394
52.333333,111.607556
52.833333,110.707466
59.416667,106.007641
63.416667,105.307894
68.666667,104.608146
74.25,102.307594
75.25,102.108219
78.083333,101.607846
83.416667,100.707756
86.916667,100.308039
93.75,100.207384
117.75,99.308262
141.75,98.408172
165.75,98.207829
189.75,97.707456
213.75,97.208052
237.75,96.407649
261.75,96.407649
285.75,95.807589
309.75,95.407872
333.75,94.907499
357.75,94.108064
381.75,93.508004
405.75,93.207974
429.75,93.007632
453.75,92.808257
477.75,92.808257
501.75,92.208197
525.75,92.407572
549.75,92.508227
573.75,92.508227
597.75,92.508227
621.75,92.508227
645.75,92.707602
669.75,92.508227
693.75,92.607914
717.75,92.607914
741.75,92.907944
765.75,93.207974
789.75,92.907944
813.75,93.007632
837.75,93.108287
861.75,92.907944
885.75,93.007632
909.75,92.808257
933.75,92.707602
957.75,93.108287
981.75,92.707602
