time,pressure
0.0,200.548789
0.25,194.354622
0.5,187.966886
0.75,184.192315
1.0,179.643473
1.5,171.416844
2.0,165.125892
3.0,155.737857
4.0,148.769418
5.0,143.543089
6.0,138.897463
7.0,135.31646
8.0,131.83224
9.0,128.541589
10.0,125.734856
11.0,123.605611
12.0,123.992747
13.0,123.799179
14.0,123.31526
15.0,122.83134
16.0,122.057069
17.0,120.992447
18.0,120.121392
19.0,119.347121
20.0,118.959985
23.033333,116.927524
24.083333,116.153253
25.083333,115.475766
26.083333,114.314359
27.083333,113.152953
28.083333,112.281898
29.083333,111.604411
30.0,111.217276
32.616667,109.475166
34.166667,108.797679
36.333333,107.82984
38.333333,106.958785
40.333333,106.184514
42.333333,105.700595
44.333333,105.023108
47.0,104.248837
48.666667,103.764917
51.0,102.409943
53.0,101.538888
54.0,101.151753
56.916667,100.280698
60.916667,99.119292
63.833333,98.441804
65.666667,98.054669
67.666667,97.57075
70.166667,96.990046
72.166667,96.506127
74.166667,96.118992
75.0,95.925424
77.166667,95.538288
80.166667,94.957585
83.166667,94.376882
85.75,93.796179
88.666667,93.312259
90.916667,92.925124
91.833333,92.82834
94.333333,92.344421
96.333333,92.054069
99.25,91.666933
101.166667,91.473366
105.083333,90.989446
107.166667,90.602311
110.166667,90.311959
113.166667,89.82804
116.166667,89.440904
118.5,89.247337
120.833333,89.053769
122.333333,88.763417
125.166667,88.56985
129.083333,88.279498
146.166667,86.150253
170.166667,84.117791
194.166667,82.278898
218.166667,80.730356
242.166667,79.568949
266.166667,78.504327
290.166667,77.34292
314.166667,76.375082
338.166667,75.310459
362.166667,74.245837
386.166667,73.374782
410.166667,72.503727
434.166667,72.019807
458.166667,72.213375
482.166667,71.535888
506.166667,69.987346
530.166667,69.019507
554.166667,68.34202
578.166667,67.567749
602.166667,66.987046
626.166667,66.599911
650.166667,66.019207
674.166667,65.535288
698.166667,65.244936
722.166667,65.148153
746.166667,64.567449
770.166667,64.373882
794.166667,64.08353
818.166667,63.793178
842.166667,63.502827
866.166667,63.212475
890.166667,62.922123
914.166667,62.922123
938.166667,62.728556
962.166667,62.631772
986.166667,62.728556
1010.166667,62.438204
1034.166667,62.34142
1058.166667,62.438204
1082.166667,62.438204
1106.166667,62.244636
1130.166667,62.147853
1154.166667,62.147853
1178.166667,61.954285
1202.166667,61.760717
1226.166667,61.567149
1250.166667,61.373582
1274.166667,61.470365
