time,pressure
0.0,209.904824
24.0,200.814534
48.0,205.470935
72.0,183.871033
96.0,185.918542
120.0,187.374731
144.0,185.037344
168.0,175.158398
192.0,139.057853
216.0,169.707899
240.0,169.99029
264.0,155.105186
288.0,157.73313
312.0,157.942712
336.0,161.273573
360.0,155.197049
384.0,148.343436
408.0,145.011215
432.0,147.016536
456.0,145.397036
480.0,146.679027
504.0,146.432699
528.0,138.801319
552.0,148.838132
576.0,132.447166
600.0,135.669153
624.0,135.970598
648.0,141.555149
672.0,136.427868
696.0,136.146837
720.0,135.73788
744.0,134.523936
768.0,136.889221
792.0,139.711097
816.0,136.079472
840.0,132.322642
864.0,118.682102
888.0,137.448561
912.0,137.958907
936.0,123.196287
960.0,126.809539
984.0,122.579108
1008.0,122.226628
1032.0,132.075634
1056.0,130.132235
1080.0,130.675924
1104.0,131.182187
1128.0,117.840371
1152.0,125.343144
1176.0,127.368198
1200.0,131.285618
1224.0,129.188434
1248.0,130.149246
1272.0,121.175315
1296.0,125.290068
1320.0,123.970652
1344.0,127.260005
1368.0,128.429719
1392.0,131.461857
1416.0,123.31877
1440.0,126.063753
1464.0,123.139808
1488.0,120.477161
1512.0,123.209896
1536.0,127.207609
1560.0,122.068081
1584.0,128.728442
1608.0,125.109065
1632.0,133.112658
1656.0,127.991502
1680.0,127.061991
1704.0,119.950483
1728.0,129.630054
1752.0,128.201084
1776.0,122.474997
1800.0,144.486578
1824.0,136.406093
1848.0,127.2532
1872.0,128.19564
1896.0,129.634817
1920.0,138.533898
1944.0,120.957567
1968.0,143.79659
1992.0,122.093258
2016.0,133.407978
2040.0,134.2361
2064.0,129.886588
2088.0,141.211515
2112.0,119.15026
2136.0,134.48651
2160.0,134.308229
2184.0,135.661668
2208.0,133.279371
2232.0,130.425514
2256.0,135.409897
2280.0,130.4051
2304.0,131.514253
2328.0,135.226853
2352.0,129.030567
2376.0,139.682517
2400.0,140.445996
2424.0,128.884268
2448.0,143.174648
2472.0,135.418063
2496.0,135.254071
2520.0,139.957424
2544.0,139.743759
2568.0,134.51509
2592.0,139.24362
2616.0,142.292089
2640.0,139.529414
2664.0,129.560647
2688.0,135.665751
2712.0,133.693092
2736.0,126.444812
2760.0,138.084112
2784.0,132.083119
2808.0,137.456046
2832.0,130.703142
2856.0,143.13382
2880.0,136.957948
2904.0,127.779878
