time,pressure
0.0,191.605804
24.0,192.440084
48.0,193.403085
72.0,194.16768
96.0,194.817101
120.0,195.415227
144.0,196.04142
168.0,196.65116
192.0,197.213476
216.0,197.705139
240.0,198.23842
264.0,198.526836
288.0,197.95581
312.0,95.741143
336.0,88.56944
360.0,88.034224
384.0,87.819364
408.0,87.83872
432.0,87.755486
456.0,92.812456
480.0,95.290129
504.0,94.070649
528.0,89.20628
552.0,92.013987
576.0,97.607141
600.0,91.99463
624.0,87.917115
648.0,87.795168
672.0,87.866788
696.0,87.738065
720.0,87.249305
744.0,87.550304
768.0,88.272313
792.0,87.954861
816.0,88.10778
840.0,92.561785
864.0,97.296464
888.0,97.777481
912.0,93.634153
936.0,93.153136
960.0,121.41216
984.0,123.185245
1008.0,101.409788
1032.0,99.927056
1056.0,98.168488
1080.0,97.037082
1104.0,98.390124
1128.0,98.097836
1152.0,96.837707
1176.0,96.049884
1200.0,91.971402
1224.0,99.591215
1248.0,110.655574
1272.0,106.379652
1296.0,96.308298
1320.0,96.10118
1344.0,97.160966
1368.0,95.995685
1392.0,99.063742
1416.0,102.268263
1440.0,97.437768
1464.0,93.845142
1488.0,95.371428
1512.0,97.18613
1536.0,97.689407
1560.0,96.896745
1584.0,94.48295
1608.0,94.008707
1632.0,95.386913
1656.0,95.266901
1680.0,95.444016
1704.0,102.133733
1728.0,126.913369
1752.0,117.987939
1776.0,102.191804
1800.0,102.531516
1824.0,101.850156
1848.0,94.932028
1872.0,95.763403
1896.0,98.253659
1920.0,99.590247
1944.0,96.448635
1968.0,96.577358
1992.0,95.267869
2016.0,96.365401
2040.0,97.014822
2064.0,97.095153
2088.0,97.054503
2112.0,97.259686
2136.0,95.423691
2160.0,95.517572
2184.0,99.019221
