time,pressure
0.0,259.642532
732.0,277.334542
1464.0,276.994311
2196.0,287.201239
2928.0,280.39662
3660.0,290.603549
4392.0,290.603549
5124.0,290.603549
5856.0,294.005858
6588.0,294.005858
7320.0,295.366782
8052.0,295.638967
8784.0,295.366782
9516.0,292.849073
10248.0,289.991133
10980.0,289.786994
11712.0,296.795752
12444.0,294.005858
13176.0,295.434828
13908.0,295.23069
14640.0,295.366782
15372.0,295.570921
16104.0,295.570921
16836.0,294.550228
17568.0,296.455521
18300.0,296.863798
19032.0,296.795752
19764.0,319.114902
20496.0,300.4022
21228.0,300.878523
21960.0,302.171401
22692.0,302.239447
23424.0,302.307493
24156.0,302.307493
24888.0,299.381507
25620.0,299.381507
26352.0,295.094597
27084.0,297.884491
27816.0,298.564953
28548.0,298.08863
29280.0,299.381507
30012.0,300.606339
30744.0,299.925877
31476.0,300.94657
32208.0,294.482181
32940.0,294.482181
33672.0,294.482181
34404.0,294.482181
35136.0,294.482181
35868.0,313.194884
36600.0,294.482181
37332.0,294.482181
38064.0,294.482181
38796.0,294.482181
39528.0,294.482181
40260.0,294.482181
40992.0,294.482181
41724.0,313.739253
42456.0,294.482181
43188.0,294.482181
43920.0,294.482181
44652.0,294.482181
45384.0,294.482181
46116.0,294.482181
46848.0,294.482181
47580.0,294.482181
48312.0,294.482181
49044.0,294.482181
49776.0,294.482181
50508.0,294.482181
51240.0,312.582468
51972.0,318.230302
52704.0,322.925489
53436.0,312.650514
54168.0,314.011438
