time,pressure
0.0,189.78044
0.25,187.179857
0.5,185.480333
4.666667,171.180516
5.166667,167.480468
5.666667,165.280571
19.166667,136.480594
20.166667,134.780101
21.166667,133.579981
27.0,130.980367
28.833333,124.880079
29.333333,123.979989
32.166667,123.079899
45.666667,103.580852
49.583333,103.780227
52.833333,97.880282
55.75,97.080848
63.166667,89.080693
64.666667,88.080915
77.666667,83.880495
101.666667,74.480846
125.666667,67.880186
149.666667,63.480391
173.666667,60.180061
197.666667,57.380103
221.666667,55.180206
245.666667,53.180651
269.666667,50.880098
293.666667,48.980231
317.666667,47.380394
341.666667,46.180274
365.666667,44.880466
389.666667,42.780256
413.666667,44.480749
437.666667,45.980899
461.666667,42.480226
485.666667,40.080954
509.666667,38.380461
533.666667,36.980967
557.666667,35.780847
581.666667,34.880757
605.666667,33.780324
629.666667,32.880234
653.666667,32.080799
677.666667,31.480739
701.666667,30.580649
725.666667,29.980589
749.666667,29.480217
773.666667,29.380529
797.666667,29.080499
821.666667,28.480439
845.666667,28.180409
869.666667,27.580349
893.666667,26.980289
917.666667,26.580572
941.666667,27.480662
965.666667,33.480294
989.666667,85.480333
1013.666667,135.280474
1037.666667,145.580214
1061.666667,142.980599
1085.666667,80.280135
1109.666667,26.580572
