time,pressure
0.0,264.698515
1.95,283.160039
3.833333,290.123638
6.05,267.130694
7.516667,247.83199
10.066667,226.573412
12.083333,210.1308
13.783333,198.274776
15.966667,187.022683
18.0,177.989844
19.766667,172.091835
22.116667,167.91174
24.133333,165.392455
26.083333,164.232017
27.9,163.68422
29.966667,163.342573
32.116667,162.979633
34.0,162.565398
34.533333,161.983727
37.966667,161.21236
40.15,159.215709
42.216667,158.75405
44.066667,158.701786
45.883333,158.714368
48.15,157.951711
50.2,156.752559
52.2,155.771171
53.633333,155.182725
56.3,154.112295
58.516667,153.402869
60.366667,153.126067
62.383333,153.734838
