time,pressure
0.0,100.731137
0.25,100.53757
0.5,99.279379
0.75,97.730837
1.25,95.988728
1.75,95.214457
2.0,95.020889
2.5,94.730537
3.5,93.859482
4.5,93.665915
5.5,93.278779
7.0,92.310941
9.083333,91.633453
11.333333,92.698076
24.25,94.343402
24.75,92.504508
25.25,92.504508
26.25,91.923805
27.25,91.343102
28.25,90.665615
29.5,90.278479
31.5,89.79456
33.5,89.31064
35.416667,88.826721
36.416667,88.729937
37.416667,88.53637
38.416667,88.342802
39.416667,88.342802
40.416667,88.246018
41.416667,88.149234
42.416667,88.149234
45.5,87.858882
48.833333,87.471747
50.75,87.278179
52.333333,87.084611
55.666667,86.79426
57.5,86.600692
60.5,86.407124
63.5,86.116773
66.5,86.019989
69.5,85.729637
71.5,85.632853
74.5,85.536069
84.5,84.761798
108.5,83.503608
132.5,82.342202
156.5,81.374363
180.5,80.30974
204.5,79.245118
228.5,78.374063
252.5,77.599792
276.5,77.019089
300.5,76.438386
324.5,75.857682
348.5,75.470547
372.5,74.889844
396.5,74.30914
420.5,73.922005
444.5,73.631653
468.5,73.244518
492.5,72.954166
516.5,72.567031
540.5,72.373463
564.5,72.083111
588.5,71.889544
612.5,71.599192
636.5,71.405624
660.5,71.212056
684.5,71.018489
708.5,70.824921
732.5,70.631353
756.5,70.534569
780.5,70.244218
804.5,70.147434
828.5,70.341002
852.5,70.05065
876.5,69.857082
900.5,69.663514
924.5,69.469947
948.5,69.373163
972.5,69.179595
996.5,69.082811
1020.5,68.986027
1044.5,68.889244
1068.5,68.79246
1092.5,68.695676
1116.5,68.598892
1140.5,68.502108
1164.5,68.405324
1188.5,68.30854
1212.5,68.405324
1236.5,68.30854
1260.5,68.114973
1284.5,68.018189
1308.5,67.921405
1332.5,67.824621
1356.5,67.631053
1380.5,67.534269
1404.5,67.534269
1428.5,67.437485
1452.5,67.340702
1476.5,67.243918
1500.5,67.243918
1524.5,67.147134
1548.5,67.147134
1572.5,67.243918
1596.5,67.147134
1620.5,67.05035
1644.5,66.953566
1668.5,66.856782
1692.5,66.759998
1716.5,66.663214
1740.5,66.663214
