time,pressure
0.0,69.619548
1.516667,85.729611
4.433333,106.675479
6.15,120.393142
7.616667,128.876054
10.033333,134.751997
11.6,132.100312
13.666667,122.14009
15.6,111.287231
17.333333,103.674308
19.8,96.127296
21.766667,89.656036
23.75,84.371927
25.1,80.291518
27.733333,76.455683
29.666667,72.812448
31.133333,71.437149
34.433333,72.606395
35.8,75.403062
37.683333,78.074877
40.333333,80.352976
41.633333,81.892517
43.833333,83.700053
45.833333,83.678373
47.4,80.112372
49.133333,73.986824
51.6,68.938867
53.1,64.299435
56.066667,60.403788
57.4,57.422361
59.133333,55.166909
61.433333,52.978626
64.133333,50.92342
65.483333,49.252253
67.6,47.852855
69.15,46.619345
71.416667,45.429097
73.75,44.281821
75.366667,43.391216
77.7,42.657981
79.933333,42.049017
81.75,41.397371
83.833333,40.784923
85.766667,40.269452
87.4,39.828795
89.733333,39.324454
92.466667,38.855052
93.766667,38.457561
95.7,38.067812
97.833333,37.615735
99.666667,37.202468
101.833333,36.833528
103.466667,36.449392
105.85,36.118295
107.2,35.833363
109.8,35.560045
111.916667,35.283631
113.45,34.995311
115.933333,34.685506
117.45,34.340472
119.333333,34.031247
121.5,33.718829
123.616667,33.398281
125.983333,33.104832
127.9,32.850484
129.883333,32.650335
131.566667,32.568262
134.016667,31.960363
148.916667,31.160928
151.233333,30.544608
153.266667,30.500281
155.416667,30.42179
157.2,30.403497
159.333333,30.428564
161.85,30.495249
163.1,30.604905
165.066667,30.749306
167.133333,30.914807
169.433333,31.123569
171.433333,31.376175
184.5,32.704818
208.5,38.304805
232.5,37.004808
256.5,35.304812
280.5,34.504814
304.5,34.304814
328.5,41.704797
352.5,45.347992
376.5,48.90478
400.5,51.504774
424.5,53.904768
448.5,44.204791
472.5,42.004796
496.5,40.4048
520.5,39.904801
544.5,40.2048
568.5,42.404795
592.5,43.004794
616.5,43.504792
640.5,43.804792
712.5,44.304791
736.5,44.70479
760.5,44.60479
784.5,44.40479
808.5,44.004791
832.5,44.304791
856.5,44.104791
880.5,43.504792
904.5,43.204793
928.5,42.704794
952.5,42.404795
