time,pressure
0.0,121.730549
24.0,95.308552
48.0,84.855894
72.0,78.855294
96.0,74.983939
120.0,71.983639
144.0,69.660826
168.0,67.821932
192.0,66.176606
216.0,64.918416
240.0,63.853793
264.0,62.885955
288.0,62.0149
312.0,61.240629
336.0,60.369574
360.0,59.692087
384.0,59.111384
408.0,58.627464
432.0,58.046761
456.0,57.369274
480.0,58.337113
504.0,59.208168
528.0,58.046761
552.0,57.175706
576.0,56.401435
600.0,59.595303
624.0,58.917816
648.0,57.949977
672.0,57.27249
696.0,56.691787
720.0,56.304651
744.0,55.820732
768.0,55.433597
792.0,55.143245
816.0,54.75611
840.0,54.465758
864.0,55.723948
888.0,55.723948
912.0,55.240029
936.0,54.852893
960.0,52.626864
984.0,55.820732
1008.0,55.627164
1032.0,54.852893
1056.0,54.562542
1080.0,56.498219
1104.0,69.467258
1128.0,67.338013
1152.0,63.950577
1176.0,62.208468
1200.0,60.853493
1224.0,59.788871
1248.0,58.917816
1272.0,58.143545
1296.0,57.466058
1320.0,56.885355
1344.0,56.498219
1368.0,56.0143
1392.0,55.530381
1416.0,55.143245
1440.0,54.852893
1464.0,54.75611
1488.0,55.723948
1512.0,57.562842
1536.0,57.75641
1560.0,56.885355
1584.0,56.304651
1608.0,55.917516
1632.0,55.530381
1656.0,55.240029
1680.0,54.949677
1704.0,54.75611
1728.0,54.465758
1752.0,54.27219
1776.0,54.175406
1800.0,54.175406
1824.0,54.175406
1848.0,54.078622
1872.0,54.078622
1896.0,58.627464
1920.0,57.369274
1944.0,56.691787
1968.0,56.207868
1992.0,55.917516
2016.0,55.723948
2040.0,55.530381
2064.0,55.433597
2088.0,55.336813
2112.0,55.143245
2136.0,55.046461
2160.0,54.949677
2184.0,54.852893
2208.0,54.852893
2232.0,54.75611
2256.0,54.659326
2280.0,54.659326
2304.0,54.562542
2328.0,55.820732
2352.0,57.078922
2376.0,56.595003
2400.0,56.401435
2424.0,56.207868
2448.0,56.207868
2472.0,56.111084
2496.0,56.0143
2520.0,55.917516
2544.0,55.820732
2568.0,55.820732
2592.0,55.723948
2616.0,55.723948
2640.0,55.723948
2664.0,55.723948
2688.0,55.723948
2712.0,55.627164
2736.0,56.595003
2760.0,67.047661
2784.0,64.628064
2808.0,62.402035
2832.0,61.143845
2856.0,60.369574
2880.0,59.692087
2904.0,59.111384
2928.0,58.724248
2952.0,58.337113
2976.0,58.046761
3000.0,57.75641
3024.0,57.562842
3048.0,57.466058
3072.0,57.369274
