time,pressure
0.0,115.342995
24.0,92.985921
48.0,79.145827
72.0,72.661307
96.0,71.693469
120.0,69.273872
144.0,64.241111
168.0,61.434378
192.0,59.498701
216.0,58.337294
240.0,57.659807
264.0,57.369456
288.0,57.079104
312.0,57.079104
384.0,57.175888
408.0,57.272672
432.0,57.369456
456.0,57.659807
480.0,57.756591
504.0,57.950159
528.0,58.917998
552.0,58.627646
576.0,58.72443
600.0,58.821214
624.0,58.917998
648.0,59.014781
672.0,59.111565
696.0,59.305133
720.0,59.498701
744.0,59.789052
768.0,59.98262
792.0,60.176188
816.0,60.369756
840.0,60.563323
864.0,60.853675
888.0,61.144027
912.0,61.240811
936.0,61.434378
960.0,61.72473
984.0,61.918298
1008.0,62.111865
1032.0,62.305433
1056.0,62.595785
1080.0,62.789352
1104.0,62.98292
1128.0,63.273272
1152.0,63.563623
1176.0,63.757191
1200.0,63.950759
1224.0,64.144327
1248.0,64.337894
1272.0,64.531462
1296.0,64.72503
1320.0,64.918598
1344.0,65.015382
1368.0,65.112165
1392.0,65.305733
1416.0,65.596085
1440.0,65.886436
1464.0,65.98322
1488.0,66.080004
1512.0,66.176788
1536.0,66.273572
1560.0,66.370356
1584.0,66.46714
1608.0,66.563923
1632.0,66.563923
1656.0,66.757491
1680.0,66.854275
1704.0,66.854275
1728.0,66.951059
1752.0,67.144627
1776.0,67.241411
1800.0,67.434978
1824.0,67.531762
1848.0,67.72533
1872.0,67.822114
1896.0,67.918898
1920.0,68.015682
1944.0,68.209249
1968.0,68.306033
1992.0,68.306033
2016.0,68.402817
2040.0,68.499601
2064.0,68.693169
2088.0,68.789953
2112.0,68.886736
2136.0,69.080304
2160.0,69.177088
2184.0,69.273872
2208.0,69.370656
2232.0,69.46744
2256.0,69.564224
2280.0,69.661007
2304.0,69.757791
2328.0,69.757791
2352.0,69.951359
2376.0,69.854575
2400.0,69.854575
2424.0,69.757791
2448.0,68.98352
2472.0,67.72533
2496.0,66.273572
2520.0,65.015382
2544.0,63.757191
2568.0,62.595785
2592.0,61.531162
2616.0,60.563323
2640.0,59.692269
2664.0,58.917998
2688.0,58.143727
2712.0,57.369456
2736.0,56.691969
2760.0,56.014481
2784.0,55.433778
2808.0,54.853075
2832.0,54.272372
2856.0,53.691669
2880.0,53.207749
2904.0,52.72383
2928.0,52.23991
2952.0,51.755991
2976.0,51.272072
3000.0,50.884936
3024.0,50.304233
3048.0,49.917097
3072.0,49.433178
3096.0,49.046043
3120.0,48.658907
3144.0,48.271772
3168.0,47.884636
3192.0,48.658907
3216.0,50.207449
3240.0,47.787852
3264.0,46.529662
3288.0,45.755391
3312.0,45.658607
3336.0,45.658607
3360.0,45.755391
3384.0,46.045743
3408.0,46.432878
3432.0,46.820014
