time,pressure
0.0,195.470199
13.5,119.470664
19.5,103.470354
37.5,79.470857
43.5,72.47048
48.5,66.470848
55.5,60.470248
58.5,58.470693
62.5,54.470615
67.5,50.470538
72.5,43.47016
82.5,41.470606
87.5,41.470606
91.5,40.470828
103.5,41.470606
111.5,37.470528
115.5,41.470606
127.5,41.470606
135.5,41.470606
151.5,41.470606
175.5,41.470606
199.5,41.470606
223.5,40.470828
247.5,41.470606
295.5,39.470083
391.5,41.470606
415.5,40.470828
439.5,41.470606
463.5,41.470606
535.5,40.470828
655.5,40.470828
703.5,41.470606
775.5,41.470606
823.5,41.470606
871.5,42.470383
895.5,41.470606
967.5,42.470383
1015.5,41.470606
1039.5,43.47016
1063.5,43.47016
1087.5,43.47016
1111.5,44.470906
1122.5,63.470548
1124.5,58.470693
1138.5,45.470683
1159.5,45.470683
1183.5,44.470906
1255.5,45.470683
1279.5,46.470461
1303.5,44.470906
1344.583333,47.470238
1358.333333,77.470335
1364.333333,116.470364
1380.5,95.470199
1388.25,84.470712
1411.5,51.470315
1426.5,45.470683
1450.5,45.470683
1474.5,45.470683
1498.5,46.580794
1522.5,47.110202
1546.5,46.570148
1591.5,46.470461
1615.5,46.470461
1677.5,54.470615
1723.5,75.47078
1738.5,49.470761
1745.5,45.470683
1747.5,45.470683
1759.5,47.470238
1762.5,47.470238
1771.5,45.470683
1774.5,45.470683
1786.5,48.470015
1795.5,48.470015
1807.5,46.470461
1810.5,46.470461
1815.5,46.470461
1819.5,47.470238
1831.5,44.470906
1839.5,43.47016
1851.5,44.470906
1858.5,43.47016
1863.5,44.470906
1867.5,43.47016
1879.5,43.47016
1903.5,42.470383
1911.5,43.47016
1951.5,43.47016
1999.5,43.47016
2071.5,44.470906
2143.5,42.470383
2215.5,43.47016
2287.5,43.47016
2359.5,43.47016
2383.5,43.47016
2431.5,42.470383
2479.5,42.470383
2527.5,44.470906
2551.5,42.470383
2575.5,43.47016
2599.5,42.470383
2647.5,41.470606
2671.5,41.470606
2719.5,41.470606
2743.5,41.470606
2791.5,44.470906
2815.5,40.470828
2839.5,42.470383
