time,pressure
0.0,62.823889
24.0,62.339969
48.0,61.468914
72.0,60.984995
96.0,60.501076
120.0,60.017156
144.0,59.533237
168.0,59.533237
192.0,58.85575
216.0,58.662182
240.0,57.210424
264.0,55.661882
288.0,55.661882
312.0,181.868051
384.0,204.999396
408.0,77.051118
432.0,71.824789
456.0,69.792327
480.0,70.276247
504.0,66.888811
528.0,65.146702
552.0,64.953134
576.0,64.85635
600.0,64.953134
624.0,64.759566
648.0,64.662782
672.0,64.469214
696.0,63.985295
720.0,63.985295
744.0,63.791727
768.0,63.59816
792.0,63.59816
816.0,63.791727
840.0,63.888511
864.0,63.307808
888.0,63.211024
912.0,63.211024
936.0,62.823889
960.0,62.630321
984.0,62.146401
1008.0,62.049618
1032.0,62.533537
1056.0,62.243185
1080.0,61.85605
1104.0,61.275347
1128.0,61.081779
1152.0,60.694643
1176.0,60.694643
1200.0,60.984995
1224.0,61.178563
1248.0,61.275347
1272.0,61.565698
1296.0,61.178563
1344.0,61.565698
1368.0,61.468914
1392.0,61.662482
1416.0,61.662482
1440.0,61.662482
1464.0,61.952834
1488.0,62.630321
1512.0,62.727105
1536.0,62.920672
1560.0,63.404592
1584.0,63.791727
1608.0,64.372431
1632.0,64.565998
1656.0,65.437053
1680.0,65.630621
1704.0,65.630621
1728.0,65.824189
1752.0,66.211324
1776.0,66.985595
1800.0,67.082379
1824.0,66.695243
1848.0,67.179163
1872.0,66.404892
1896.0,66.017756
1920.0,66.308108
1944.0,66.985595
1968.0,66.695243
1992.0,66.501676
2016.0,67.275947
