time,pressure
0.0,168.810264
24.0,142.678619
48.0,133.000232
72.0,131.064554
96.0,116.546974
143.999722,114.388693
167.999722,109.948249
191.999722,105.373275
215.999722,100.923153
239.999722,97.278272
263.999722,94.165703
287.999722,91.47124
311.999722,88.237691
335.999722,85.719375
359.999722,83.519477
383.999722,81.410557
407.999722,79.482622
431.999722,77.733737
455.999722,76.234555
479.999722,74.849578
503.999722,73.616551
527.999722,72.3632
551.999722,71.285028
575.999722,70.067487
599.999722,69.122876
623.999722,68.290535
647.999722,67.316889
671.999722,66.527133
695.999722,65.927073
719.999722,65.044404
743.999722,64.283683
767.999722,63.379721
791.999722,62.663521
815.999722,62.146695
839.999722,61.380167
863.999722,60.412328
887.999722,59.807429
911.999722,59.342866
935.999722,58.47665
959.999722,57.657859
983.999722,57.391703
1007.999722,56.540973
1031.999722,55.985433
1055.999722,55.573134
1079.999722,54.798863
1103.999722,54.559807
1127.999722,53.637457
1151.999722,53.435178
1175.999722,52.669618
1199.999722,52.296032
1223.999722,51.701779
1247.999722,51.594349
1271.999722,50.733941
1295.999722,50.733941
1319.999722,50.580054
1343.999722,49.766102
1367.999722,49.766102
1380.0,49.766102
1404.0,48.895047
1428.0,48.798263
1452.0,48.701479
1476.0,48.120776
1500.0,47.830424
1524.0,47.830424
1620.0,47.830424
