time,pressure
0.0,195.970426
2.0,199.350119
3.45,213.659614
19.7,230.074159
21.5,240.046769
23.416667,237.683307
25.883333,223.695134
27.366667,203.544732
29.366667,185.052237
31.466667,170.284954
33.983333,158.27214
35.416667,149.801616
37.466667,140.125164
39.35,132.952511
41.2,127.529711
43.65,122.288864
45.483333,117.88907
47.416667,114.650681
49.85,110.979669
51.783333,107.419958
53.716667,104.705171
54.95,102.774332
57.516667,100.548303
59.783333,98.134513
61.7,96.296588
63.533333,95.223255
65.383333,94.659005
67.833333,94.369621
69.683333,94.56706
72.2,95.222287
73.9,96.370143
75.983333,97.687372
78.016667,98.898138
79.916667,99.771129
81.933333,100.507654
83.766667,101.054483
85.566667,101.394194
88.016667,101.603247
89.75,101.759069
91.666667,101.872307
93.55,101.956509
96.116667,102.080392
97.8,102.322352
100.0,102.677548
101.433333,103.03952
103.45,103.372457
105.6,103.672487
107.616667,103.952192
110.316667,104.150599
111.7,104.2619
113.766667,104.304485
115.866667,104.389655
117.883333,104.525153
119.833333,104.703235
121.816667,104.910352
123.9,105.173604
126.05,105.491056
128.016667,105.803667
130.05,106.13854
132.116667,106.343721
133.516667,106.37566
135.666667,106.165639
138.233333,105.785279
140.033333,105.200704
141.833333,104.395462
144.433333,103.477951
146.116667,102.581732
147.833333,101.955541
149.883333,101.577116
151.933333,101.417422
154.016667,101.384516
155.983333,101.469686
157.983333,101.687449
160.016667,101.475493
162.1,100.853172
163.65,100.099226
165.733333,99.712091
167.9,99.446903
169.833333,99.142034
171.883333,98.927173
186.25,98.751995
188.283333,98.787805
190.35,98.902977
192.35,99.186554
194.35,99.3898
196.266667,99.495295
198.333333,99.592079
199.716667,100.367317
202.366667,101.419358
204.383333,102.277831
206.35,102.46656
208.333333,102.607864
210.716667,102.608832
212.1,102.647545
214.166667,102.722069
216.233333,103.002742
218.25,103.373424
220.366667,103.745074
222.3,103.956063
224.45,104.115757
227.15,104.264804
227.816667,104.502892
230.5,104.740981
231.816667,104.975198
233.983333,105.451374
236.766667,106.03982
238.15,106.758924
240.816667,107.281557
242.233333,107.87581
244.366667,108.300691
246.483333,108.57459
248.566667,108.146805
250.616667,106.583745
251.933333,104.978101
254.583333,104.666457
256.816667,105.01875
258.4,105.712691
260.5,106.25468
262.55,107.300914
264.266667,109.976988
266.9,113.550249
268.9,116.100504
270.9,115.665944
272.316667,116.49151
274.983333,121.295862
276.95,134.114886
