time,pressure
0.0,95.83558
24.0,90.609251
48.0,90.512467
72.0,91.383522
96.0,90.609251
120.0,91.577089
144.0,91.480305
168.0,91.09317
192.0,91.09317
216.0,90.318899
240.0,90.125331
264.0,90.512467
288.0,90.318899
312.0,87.802518
336.0,89.83498
360.0,88.383222
384.0,88.189654
408.0,90.609251
432.0,89.254276
456.0,90.512467
480.0,88.867141
504.0,91.189954
528.0,91.383522
552.0,92.254576
576.0,89.544628
600.0,88.770357
624.0,89.254276
648.0,89.060709
672.0,89.738196
696.0,89.157493
720.0,88.963925
744.0,88.770357
768.0,90.125331
792.0,89.060709
816.0,88.770357
840.0,88.383222
864.0,88.383222
888.0,88.189654
912.0,88.480005
936.0,88.286438
960.0,88.673573
984.0,88.673573
1008.0,88.867141
1032.0,88.286438
1056.0,88.673573
1080.0,88.770357
1104.0,88.867141
1128.0,89.254276
1152.0,88.673573
1176.0,89.544628
1200.0,89.738196
1224.0,89.641412
1248.0,89.931764
1272.0,89.83498
1296.0,90.318899
1320.0,90.318899
1344.0,90.222115
1368.0,90.125331
1392.0,90.318899
1416.0,90.222115
1440.0,90.415683
1464.0,90.512467
1488.0,90.609251
1512.0,90.512467
1536.0,90.609251
1560.0,90.609251
1584.0,90.609251
1608.0,90.609251
1632.0,90.609251
1656.0,90.706035
1680.0,90.512467
1704.0,89.738196
1728.0,89.738196
1752.0,89.641412
1776.0,89.35106
1800.0,89.35106
1824.0,89.641412
1848.0,89.641412
1872.0,89.83498
1896.0,90.125331
1920.0,90.222115
1944.0,90.318899
1968.0,90.415683
1992.0,90.512467
2016.0,90.512467
2040.0,90.609251
2064.0,90.706035
2088.0,91.09317
2112.0,91.189954
2136.0,91.09317
2160.0,91.286738
2184.0,90.706035
2208.0,91.09317
2232.0,90.899602
2256.0,91.09317
2280.0,91.480305
2304.0,91.383522
2328.0,91.286738
2352.0,91.09317
2376.0,91.09317
2400.0,90.512467
2424.0,90.899602
2448.0,90.802818
