time,pressure
0.0,106.889595
24.0,104.305466
48.0,104.305466
72.0,104.305466
96.0,104.305466
120.0,104.305466
144.0,103.637657
168.0,103.163416
192.0,103.066632
216.0,104.111898
240.0,105.263626
264.0,104.305466
288.0,104.305466
312.0,104.305466
336.0,104.111898
360.0,103.163416
384.0,103.356984
408.0,103.356984
432.0,103.356984
456.0,103.356984
480.0,103.831225
504.0,104.305466
528.0,104.305466
552.0,104.305466
576.0,101.440663
600.0,100.482503
624.0,100.676071
648.0,100.966422
672.0,100.966422
696.0,100.966422
720.0,99.534021
744.0,99.534021
768.0,99.534021
792.0,97.6177
816.0,94.752898
840.0,94.752898
864.0,94.752898
888.0,94.752898
912.0,94.752898
936.0,94.752898
960.0,92.846256
984.0,93.804416
1008.0,92.846256
1032.0,92.846256
1056.0,92.846256
1080.0,92.846256
1104.0,92.846256
1128.0,91.888095
1152.0,91.888095
1176.0,91.888095
1200.0,91.984879
1224.0,92.372015
1248.0,91.220286
1272.0,91.510638
1296.0,91.694527
1320.0,91.694527
1344.0,91.510638
1368.0,91.694527
1392.0,91.888095
1416.0,91.888095
1440.0,89.594317
1464.0,89.787885
1488.0,89.313644
1512.0,89.313644
1536.0,89.023293
1560.0,89.981453
1584.0,89.981453
1608.0,88.549052
1632.0,88.549052
1656.0,89.023293
1680.0,88.549052
1704.0,88.452268
1728.0,89.023293
1752.0,87.11665
1776.0,86.632731
1800.0,86.15849
1824.0,86.15849
1848.0,86.15849
1872.0,86.15849
1896.0,86.448842
1920.0,86.632731
1944.0,85.868138
1968.0,85.964922
1992.0,85.964922
2016.0,86.545625
2040.0,85.781033
2064.0,85.781033
2088.0,85.868138
2112.0,85.781033
2136.0,85.781033
2160.0,85.490681
2184.0,85.490681
2208.0,85.20033
2232.0,85.684249
2256.0,85.20033
2280.0,83.767928
2304.0,83.293687
2328.0,83.293687
2352.0,83.293687
2376.0,83.10012
2400.0,82.335527
2424.0,82.335527
2448.0,82.335527
2472.0,82.335527
2496.0,82.335527
2520.0,82.335527
2544.0,82.335527
2568.0,82.335527
2592.0,83.293687
2616.0,83.293687
2640.0,83.293687
2664.0,83.293687
