time,pressure
0.0,261.628025
1.917778,261.802236
3.780556,261.966768
5.906944,262.121623
7.886389,262.228085
9.562778,207.283881
11.525,177.7648
14.358056,164.776404
16.086389,161.069582
18.353611,157.895071
19.799722,156.501383
22.311667,154.565706
24.103333,153.501083
26.371389,152.407425
28.430278,151.671868
30.141111,151.265376
32.428889,150.936311
34.174167,150.723386
36.055,150.52014
37.9775,150.336251
40.273333,149.987829
42.469722,149.736191
43.946667,149.56198
46.495833,149.37809
48.13,149.174844
50.122778,148.990955
52.429444,148.836101
54.420833,148.729638
55.899167,148.710282
58.457778,148.100543
60.519167,147.994081
62.552778,147.984402
64.378611,148.013438
66.418889,147.839227
68.425833,147.665016
70.181111,148.391863
70.409722,147.616624
72.510278,147.616624
74.465278,147.510162
76.166389,147.364986
78.184444,147.268202
80.344167,147.297237
82.5,147.229488
83.482222,147.210132
86.266111,147.113348
88.453333,147.113348
90.355556,147.084312
92.530556,146.939137
94.181111,147.267234
94.539444,146.900423
96.608056,146.86171
262.181389,156.356207
286.181389,122.481852
310.181389,118.804065
334.181389,117.449091
358.181389,116.287684
382.181389,115.900549
406.181389,115.513413
430.181389,115.126278
454.181389,114.835926
478.181389,114.739142
502.181389,114.642359
526.181389,114.448791
550.181389,114.352007
574.181389,114.352007
598.181389,114.352007
622.181389,114.448791
646.181389,114.255223
670.181389,114.158439
694.181389,114.061655
718.181389,113.964872
742.181389,114.061655
766.181389,113.868088
790.181389,113.964872
814.181389,113.771304
838.181389,113.67452
862.181389,113.577736
886.181389,113.577736
910.181389,113.480952
934.181389,113.577736
958.181389,113.480952
982.181389,113.480952
1006.181389,113.480952
1030.181389,113.287384
1054.181389,113.480952
1078.181389,113.384168
1102.181389,113.287384
1126.181389,113.190601
1150.181389,113.190601
1174.181389,113.190601
1198.181389,113.190601
1222.181389,113.190601
1246.181389,113.093817
1270.181389,112.997033
1294.181389,112.997033
1318.181389,113.093817
1342.181389,112.997033
1366.181389,112.997033
1390.181389,112.997033
1414.181389,112.997033
1438.181389,112.900249
1462.181389,112.900249
1486.181389,112.900249
1510.181389,112.803465
1534.181389,112.803465
1558.181389,112.900249
1582.181389,112.997033
1606.181389,112.997033
