time,pressure
0.0,132.082832
0.25,130.182965
0.5,127.58335
0.75,123.0829
1.0,120.38263
1.5,115.082745
2.0,111.783383
3.0,105.683095
4.0,99.982525
5.0,97.782628
6.0,95.083326
12.75,84.082871
13.75,82.783064
14.75,81.183226
20.416667,75.482656
22.416667,74.283504
23.416667,73.582789
24.416667,73.083384
25.416667,72.583011
26.416667,72.682699
27.416667,72.583011
28.416667,72.682699
29.416667,71.883264
39.416667,68.083529
43.916667,69.383336
45.166667,74.583534
46.166667,72.883041
51.083333,66.782754
52.083333,66.182694
53.083333,65.383259
59.333333,64.282826
63.416667,64.083452
70.916667,60.383404
73.75,59.583002
77.75,58.982942
80.833333,58.682912
83.666667,58.382882
84.416667,58.283194
87.416667,57.383104
90.083333,56.083297
108.416667,54.583147
132.416667,50.583069
156.416667,46.582992
180.416667,44.683125
204.416667,44.482782
228.416667,42.9836
252.416667,41.682824
276.416667,40.58336
300.416667,48.182829
324.416667,59.982719
348.416667,56.783044
372.416667,52.882654
396.416667,53.683057
420.416667,49.883322
444.416667,44.383095
468.416667,44.983155
492.416667,44.883467
516.416667,44.383095
540.416667,44.383095
564.416667,44.383095
588.416667,44.383095
612.416667,44.383095
636.416667,44.482782
660.416667,44.383095
684.416667,44.383095
708.416667,44.383095
732.416667,44.383095
756.416667,44.383095
780.416667,44.482782
804.416667,44.383095
828.416667,44.383095
852.416667,44.383095
876.416667,44.482782
900.416667,44.383095
924.416667,44.482782
948.416667,44.383095
972.416667,44.482782
996.416667,44.383095
1020.416667,44.482782
1044.416667,44.383095
1068.416667,44.383095
1092.416667,44.482782
1116.416667,44.383095
1140.416667,44.482782
1164.416667,44.383095
1188.416667,44.383095
1212.416667,44.383095
1236.416667,44.482782
1260.416667,44.383095
1284.416667,44.983155
1308.416667,46.282962
1332.416667,44.583437
1356.416667,44.482782
1380.416667,44.482782
1404.416667,44.683125
