time,pressure
0.0,148.75946
24.0,216.024251
48.0,193.376825
72.0,183.988789
96.0,176.246079
120.0,172.568292
144.0,166.083773
168.0,159.212118
192.0,151.469408
216.0,144.694537
240.0,138.01645
264.0,135.209718
288.0,134.725798
312.0,133.177256
336.0,132.596553
360.0,132.306201
384.0,131.725498
408.0,132.983689
432.0,133.467608
456.0,135.01615
480.0,135.693637
504.0,134.629014
528.0,133.854743
552.0,132.886905
576.0,129.305901
600.0,127.27344
624.0,126.789521
648.0,126.305601
672.0,123.402085
696.0,123.111734
720.0,123.886005
744.0,124.369924
768.0,124.176356
792.0,123.982788
816.0,123.886005
840.0,124.079572
864.0,123.498869
888.0,122.627814
912.0,126.402385
936.0,121.369624
960.0,117.01435
984.0,115.852943
1008.0,114.497969
1032.0,114.207617
1056.0,114.110834
1080.0,114.207617
1104.0,113.723698
1128.0,113.239779
1152.0,112.949427
1176.0,112.659075
1200.0,112.27194
1224.0,112.659075
1248.0,110.142695
1272.0,109.078072
1296.0,104.819582
1320.0,108.497369
1344.0,107.723098
1368.0,106.852043
1392.0,106.368124
1416.0,104.52923
1440.0,102.690337
1464.0,103.754959
1488.0,102.980688
1512.0,100.851443
1536.0,99.78682
1560.0,100.367524
1584.0,99.593253
1608.0,99.01255
1632.0,99.206117
1656.0,99.01255
1680.0,99.109333
1704.0,98.915766
1728.0,98.335062
1752.0,98.431846
1776.0,97.464008
1800.0,97.27044
1824.0,96.689737
1848.0,96.109033
1872.0,96.109033
