time,pressure
0.0,266.608879
1.917778,266.78309
3.780556,266.947623
5.906944,267.102477
7.886389,267.208939
9.562778,212.264735
11.525,182.745654
14.358056,169.757259
16.086389,166.050436
18.353611,162.875925
19.799722,161.482238
22.311667,159.54656
24.103333,158.481938
26.371389,157.38828
28.430278,156.652723
30.141111,156.24623
32.428889,155.917165
34.174167,155.704241
36.055,155.500994
37.9775,155.317105
40.273333,154.968683
42.469722,154.717045
43.946667,154.542834
46.495833,154.358945
48.13,154.155699
50.122778,153.971809
52.429444,153.816955
54.420833,153.710493
55.899167,153.691136
58.457778,153.081398
60.519167,152.974935
62.552778,152.965257
64.378611,152.994292
66.418889,152.820081
68.425833,152.64587
70.181111,153.372717
70.409722,152.597478
72.510278,152.597478
74.465278,152.491016
76.166389,152.34584
78.184444,152.249056
80.344167,152.278092
82.5,152.210343
83.482222,152.190986
86.266111,152.094202
88.453333,152.094202
90.355556,152.065167
92.530556,151.919991
94.181111,152.248089
94.539444,151.881278
96.608056,151.842564
262.181389,161.337062
286.181389,127.462707
310.181389,123.78492
334.181389,122.429945
358.181389,121.268539
382.181389,120.881403
406.181389,120.494268
430.181389,120.107132
454.181389,119.816781
478.181389,119.719997
502.181389,119.623213
526.181389,119.429645
550.181389,119.332862
574.181389,119.332862
598.181389,119.332862
622.181389,119.429645
646.181389,119.236078
670.181389,119.139294
694.181389,119.04251
718.181389,118.945726
742.181389,119.04251
766.181389,118.848942
790.181389,118.945726
814.181389,118.752158
838.181389,118.655374
862.181389,118.558591
886.181389,118.558591
910.181389,118.461807
934.181389,118.558591
958.181389,118.461807
982.181389,118.461807
1006.181389,118.461807
1030.181389,118.268239
1054.181389,118.461807
1078.181389,118.365023
1102.181389,118.268239
1126.181389,118.171455
1150.181389,118.171455
1174.181389,118.171455
1198.181389,118.171455
1222.181389,118.171455
1246.181389,118.074671
1270.181389,117.977887
1294.181389,117.977887
1318.181389,118.074671
1342.181389,117.977887
1366.181389,117.977887
1390.181389,117.977887
1414.181389,117.977887
1438.181389,117.881103
1462.181389,117.881103
1486.181389,117.881103
1510.181389,117.78432
1534.181389,117.78432
1558.181389,117.881103
1582.181389,117.977887
1606.181389,117.977887
