time,pressure
0.0,101.742636
24.0,80.442441
48.0,50.742374
72.0,48.242447
96.0,47.743042
120.0,47.642387
144.0,47.142982
168.0,58.142469
192.0,58.642842
216.0,42.242815
240.0,64.242757
264.0,79.742694
288.0,78.642261
312.0,78.942291
336.0,77.542796
360.0,78.242544
384.0,77.642484
408.0,77.642484
432.0,79.542351
456.0,79.442664
480.0,78.042201
504.0,76.642706
528.0,102.142353
552.0,112.143031
576.0,83.442741
600.0,83.742771
624.0,83.343054
648.0,83.943114
672.0,84.342831
696.0,81.242844
720.0,82.042279
744.0,82.042279
768.0,80.843126
792.0,82.742994
816.0,80.843126
840.0,81.042501
864.0,81.442219
888.0,81.442219
912.0,81.942591
936.0,80.942814
960.0,82.542651
984.0,80.543096
1008.0,82.742994
1032.0,80.543096
1056.0,82.142934
1080.0,80.642784
1104.0,82.242621
1128.0,80.942814
1152.0,81.642561
1176.0,88.342909
1200.0,80.042724
1224.0,81.142189
1248.0,79.943036
1272.0,82.242621
1296.0,38.74311
1320.0,65.342221
1344.0,81.442219
1368.0,82.842681
1392.0,88.842313
1416.0,98.042588
1440.0,85.042579
1464.0,83.142711
1488.0,85.142266
1512.0,82.842681
1536.0,82.142934
1560.0,80.543096
1584.0,81.842904
1608.0,79.943036
1632.0,82.042279
1656.0,79.943036
1680.0,81.142189
1704.0,81.342531
1728.0,80.142411
1752.0,82.642339
1776.0,90.143089
1800.0,82.542651
1824.0,79.442664
1848.0,81.542874
1872.0,80.942814
1896.0,80.042724
1920.0,91.942301
1944.0,87.742849
1968.0,88.742626
1992.0,103.242786
2016.0,83.043024
2040.0,84.542206
2064.0,81.442219
2088.0,82.942369
2112.0,80.243066
2136.0,82.342309
2160.0,80.543096
2184.0,80.942814
2208.0,79.142634
2232.0,79.643006
2256.0,92.643016
2280.0,85.042579
2304.0,85.142266
2328.0,86.242699
2352.0,84.042801
2376.0,81.342531
2400.0,81.342531
2424.0,81.942591
2448.0,80.543096
2472.0,81.242844
2496.0,80.843126
2520.0,80.042724
2544.0,82.542651
2568.0,83.343054
2592.0,96.343063
2616.0,79.643006
2640.0,80.142411
2664.0,81.042501
2688.0,78.942291
2712.0,81.542874
