time,pressure
0.0,220.047276
12.35,198.754824
24.05,174.558856
37.6,152.298565
57.3,139.716662
81.3,136.813146
96.55,129.070436
108.483333,125.199081
129.3,121.134159
153.3,130.328627
177.3,118.811346
201.3,112.90753
225.3,109.42331
249.3,106.90693
273.3,105.068036
297.3,103.616278
321.3,102.358088
345.3,101.487033
369.3,100.906329
393.3,100.035275
417.3,101.003113
441.3,107.100497
465.3,116.778884
489.3,122.005214
513.3,133.232143
537.3,130.328627
561.3,128.199381
585.3,121.618078
609.3,113.004313
633.3,108.842607
657.3,109.713662
681.3,109.713662
705.3,109.520094
729.3,108.745823
753.3,111.16542
777.3,109.90723
801.3,108.842607
825.3,114.16572
849.3,125.489433
873.3,127.812246
897.3,132.941791
921.3,154.91173
945.3,171.752124
969.3,147.846507
993.3,137.587417
1017.3,132.264304
1041.3,127.812246
1065.3,124.811946
1089.3,123.16662
1113.3,122.005214
1137.3,121.134159
1161.3,120.359888
1185.3,120.069536
1209.3,120.263104
1233.3,120.263104
1257.3,120.263104
1281.3,120.263104
1305.3,120.263104
1329.3,120.263104
1353.3,120.263104
1377.3,120.263104
1401.3,120.263104
1425.3,120.263104
1449.3,120.263104
1473.3,120.263104
1497.3,120.263104
1521.3,120.263104
1545.3,120.263104
1569.3,120.263104
1593.3,120.263104
