time,pressure
0.0,114.876851
24.0,92.519776
48.0,78.679683
72.0,72.195163
96.0,71.227324
120.0,68.807728
144.0,63.774966
168.0,60.968234
192.0,59.032557
216.0,57.87115
240.0,57.193663
264.0,56.903311
288.0,56.61296
312.0,56.61296
384.0,56.709744
408.0,56.806528
432.0,56.903311
456.0,57.193663
480.0,57.290447
504.0,57.484015
528.0,58.451853
552.0,58.161502
576.0,58.258286
600.0,58.35507
624.0,58.451853
648.0,58.548637
672.0,58.645421
696.0,58.838989
720.0,59.032557
744.0,59.322908
768.0,59.516476
792.0,59.710044
816.0,59.903611
840.0,60.097179
864.0,60.387531
888.0,60.677882
912.0,60.774666
936.0,60.968234
960.0,61.258586
984.0,61.452153
1008.0,61.645721
1032.0,61.839289
1056.0,62.129641
1080.0,62.323208
1104.0,62.516776
1128.0,62.807128
1152.0,63.097479
1176.0,63.291047
1200.0,63.484615
1224.0,63.678182
1248.0,63.87175
1272.0,64.065318
1296.0,64.258886
1320.0,64.452453
1344.0,64.549237
1368.0,64.646021
1392.0,64.839589
1416.0,65.129941
1440.0,65.420292
1464.0,65.517076
1488.0,65.61386
1512.0,65.710644
1536.0,65.807428
1560.0,65.904212
1584.0,66.000995
1608.0,66.097779
1632.0,66.097779
1656.0,66.291347
1680.0,66.388131
1704.0,66.388131
1728.0,66.484915
1752.0,66.678482
1776.0,66.775266
1800.0,66.968834
1824.0,67.065618
1848.0,67.259186
1872.0,67.35597
1896.0,67.452753
1920.0,67.549537
1944.0,67.743105
1968.0,67.839889
1992.0,67.839889
2016.0,67.936673
2040.0,68.033457
2064.0,68.227024
2088.0,68.323808
2112.0,68.420592
2136.0,68.61416
2160.0,68.710944
2184.0,68.807728
2208.0,68.904512
2232.0,69.001295
2256.0,69.098079
2280.0,69.194863
2304.0,69.291647
2328.0,69.291647
2352.0,69.485215
2376.0,69.388431
2400.0,69.388431
2424.0,69.291647
2448.0,68.517376
2472.0,67.259186
2496.0,65.807428
2520.0,64.549237
2544.0,63.291047
2568.0,62.129641
2592.0,61.065018
2616.0,60.097179
2640.0,59.226124
2664.0,58.451853
2688.0,57.677582
2712.0,56.903311
2736.0,56.225824
2760.0,55.548337
2784.0,54.967634
2808.0,54.386931
2832.0,53.806228
2856.0,53.225524
2880.0,52.741605
2904.0,52.257686
2928.0,51.773766
2952.0,51.289847
2976.0,50.805927
3000.0,50.418792
3024.0,49.838089
3048.0,49.450953
3072.0,48.967034
3096.0,48.579898
3120.0,48.192763
3144.0,47.805627
3168.0,47.418492
3192.0,48.192763
3216.0,49.741305
3240.0,47.321708
3264.0,46.063518
3288.0,45.289247
3312.0,45.192463
3336.0,45.192463
3360.0,45.289247
3384.0,45.579598
3408.0,45.966734
3432.0,46.353869
