time,pressure
0.0,128.563214
24.0,126.593214
48.0,126.883214
72.0,126.883214
96.0,127.473214
120.0,126.883214
144.0,126.883214
168.0,126.883214
192.0,126.883214
216.0,126.883214
240.0,126.883214
264.0,124.913214
288.0,126.783214
312.0,124.813214
336.0,124.813214
360.0,124.813214
384.0,124.813214
408.0,124.813214
432.0,124.813214
456.0,124.813214
480.0,124.813214
504.0,124.813214
528.0,124.813214
552.0,124.813214
576.0,124.813214
600.0,124.813214
624.0,124.613214
648.0,124.613214
672.0,124.613214
696.0,125.303214
720.0,125.303214
744.0,125.303214
