time,pressure
0.0,299.467344
2.583333,285.467557
6.583333,285.467557
10.583333,242.46745
14.583333,227.467886
18.583611,201.467867
22.583333,186.468302
26.583333,180.467702
30.583333,170.467992
34.583333,161.46806
38.583333,153.467905
42.583611,147.468273
46.583333,147.468273
50.583333,143.468196
54.583333,141.467673
58.583333,138.468341
62.583333,136.467818
66.583611,130.468186
70.583333,129.468409
74.583333,126.468109
78.583333,124.467586
80.583333,122.468031
90.583611,122.468031
94.583333,122.468031
104.583333,117.468176
114.583611,117.468176
118.583333,94.468457
128.583333,94.468457
138.583611,94.468457
142.583333,94.468457
152.583333,94.468457
162.583611,94.468457
166.583333,86.468302
176.583333,85.468525
186.583611,85.468525
190.583333,83.468002
200.583333,83.468002
210.583611,83.468002
214.583333,83.468002
224.583333,83.468002
234.583611,83.468002
238.583333,83.468002
248.583333,83.468002
258.583611,83.468002
262.583333,72.468515
272.583333,72.468515
282.583611,72.468515
286.583333,71.46777
296.583333,71.46777
306.583611,71.46777
310.583333,71.46777
320.583333,71.46777
330.583611,71.46777
334.583333,72.468515
344.583333,72.468515
354.583611,72.468515
358.583333,66.467915
368.583333,66.467915
378.583611,66.467915
382.583333,62.467838
392.583333,62.467838
402.583611,62.467838
406.583333,62.467838
416.583333,62.467838
426.583611,62.467838
430.583333,62.467838
